Title,URL,License,ID,File
Wpływ wolnych kwasów tłuszczowych na przebieg cukrzycy ciężarnych oraz występowanie powikłań u potomstwa,https://ppm.edu.pl/info/phd/WUM5f6b8bd2db864a4ebf8a312ba9d1fc19?aq=.%3Ab10aa19e712b47a39463f17f3401e58a&r=phd&ps=100&tab=&title=Doktoraty%2B%25E2%2580%2593%2BWp%25C5%2582yw%2Bwolnych%2Bkwas%25C3%25B3w%2Bt%25C5%2582uszczowych%2Bna%2Bprzebieg%2Bcukrzycy%2Bci%25C4%2599%25C5%25BCarnych%2Boraz%2Bwyst%25C4%2599powanie%2Bpowik%25C5%2582a%25C5%2584%2Bu%2Bpotomstwa%2B%25E2%2580%2593%2BPolska%2BPlatforma%2BMedyczna&lang=pl,CC BY,804,https://ppm.edu.pl/docstore/download/UMW95e4619594ab44a7bd000a79601f7906/Gonerska+Marzena.pdf?entityType=phd&entityId=UMWd8eeeb87a52d4cda85ffb7b6b9135966
Wpływ Allopurinolu na zmiany morfologiczne i biochemiczne wątroby w żółtaczce mechanicznej : badania doświadczalne na szczurach,https://ppm.edu.pl/info/phd/UMW90a95d8f41ea46289dd47e500d7bf6f9?aq=.%3Ab10aa19e712b47a39463f17f3401e58a&r=phd&ps=100&tab=&title=Doktoraty%2B%25E2%2580%2593%2BWp%25C5%2582yw%2BAllopurinolu%2Bna%2Bzmiany%2Bmorfologiczne%2Bi%2Bbiochemiczne%2Bw%25C4%2585troby%2Bw%2B%25C5%25BC%25C3%25B3%25C5%2582taczce%2Bmechanicznej%2B%253A%2Bbadania%2Bdo%25C5%259Bwiadczalne%2Bna%2Bszczurach%2B%25E2%2580%2593%2BPolska%2BPlatforma%2BMedyczna&lang=pl,CC BY,805,https://ppm.edu.pl/docstore/download/UMW95e4619594ab44a7bd000a79601f7906/Gonerska+Marzena.pdf?entityType=phd&entityId=UMWd8eeeb87a52d4cda85ffb7b6b9135966
Zakażenie Helicobacter pylori u chorych przewlekle leczonych lekami bakteriobójczymi i bakteriostatycznymi,https://ppm.edu.pl/info/phd/UMWb463eafb5b3e4097afd40eeb8f58f9ca?aq=.%3Ab10aa19e712b47a39463f17f3401e58a&r=phd&ps=100&tab=&title=Doktoraty%2B%25E2%2580%2593%2BZaka%25C5%25BCenie%2BHelicobacter%2Bpylori%2Bu%2Bchorych%2Bprzewlekle%2Bleczonych%2Blekami%2Bbakteriob%25C3%25B3jczymi%2Bi%2Bbakteriostatycznymi%2B%25E2%2580%2593%2BPolska%2BPlatforma%2BMedyczna&lang=pl,CC BY,806,https://ppm.edu.pl/docstore/download/UMW95e4619594ab44a7bd000a79601f7906/Gonerska+Marzena.pdf?entityType=phd&entityId=UMWd8eeeb87a52d4cda85ffb7b6b9135966
Ocena czynników operacyjnego ryzyka u pacjentów z pierwotną kamicą żółciową,https://ppm.edu.pl/info/phd/UMWf6088265f7654c1693fecac33dd97388?aq=.%3Ab10aa19e712b47a39463f17f3401e58a&r=phd&ps=100&tab=&title=Doktoraty%2B%25E2%2580%2593%2BOcena%2Bczynnik%25C3%25B3w%2Boperacyjnego%2Bryzyka%2Bu%2Bpacjent%25C3%25B3w%2Bz%2Bpierwotn%25C4%2585%2Bkamic%25C4%2585%2B%25C5%25BC%25C3%25B3%25C5%2582ciow%25C4%2585%2B%25E2%2580%2593%2BPolska%2BPlatforma%2BMedyczna&lang=pl,CC BY,807,https://ppm.edu.pl/docstore/download/UMW95e4619594ab44a7bd000a79601f7906/Gonerska+Marzena.pdf?entityType=phd&entityId=UMWd8eeeb87a52d4cda85ffb7b6b9135966
Rola ozonoterapii w skojarzonym leczeniu owrzodzeń żylnych kończyn dolnych,https://ppm.edu.pl/info/phd/UMWaaa98724fd0a473ab57f712b1a4ca7c6?aq=.%3Ab10aa19e712b47a39463f17f3401e58a&r=phd&ps=100&tab=&title=Doktoraty%2B%25E2%2580%2593%2BRola%2Bozonoterapii%2Bw%2Bskojarzonym%2Bleczeniu%2Bowrzodze%25C5%2584%2B%25C5%25BCylnych%2Bko%25C5%2584czyn%2Bdolnych%2B%25E2%2580%2593%2BPolska%2BPlatforma%2BMedyczna&lang=pl,CC BY,808,https://ppm.edu.pl/docstore/download/UMW95e4619594ab44a7bd000a79601f7906/Gonerska+Marzena.pdf?entityType=phd&entityId=UMWd8eeeb87a52d4cda85ffb7b6b9135966
Losy chorych po wszczepieniu protezy aortalno-udowej : badania retrospektywne,https://ppm.edu.pl/info/phd/UMW4d910a7ee9ac4e99a26d24aaa3db5995?aq=.%3Ab10aa19e712b47a39463f17f3401e58a&r=phd&ps=100&tab=&title=Doktoraty%2B%25E2%2580%2593%2BLosy%2Bchorych%2Bpo%2Bwszczepieniu%2Bprotezy%2Baortalno-udowej%2B%253A%2Bbadania%2Bretrospektywne%2B%25E2%2580%2593%2BPolska%2BPlatforma%2BMedyczna&lang=pl,CC BY,809,https://ppm.edu.pl/docstore/download/UMW95e4619594ab44a7bd000a79601f7906/Gonerska+Marzena.pdf?entityType=phd&entityId=UMWd8eeeb87a52d4cda85ffb7b6b9135966
Zmiany w populacji eozynofilów o niskiej gęstości u chorych leczonych z powodu astmy oskrzelowej,https://ppm.edu.pl/info/phd/WUMc940234b91fe4e929d995b6f1ee095de?aq=.%3Ab10aa19e712b47a39463f17f3401e58a&r=phd&ps=100&tab=&title=Doktoraty%2B%25E2%2580%2593%2BZmiany%2Bw%2Bpopulacji%2Beozynofil%25C3%25B3w%2Bo%2Bniskiej%2Bg%25C4%2599sto%25C5%259Bci%2Bu%2Bchorych%2Bleczonych%2Bz%2Bpowodu%2Bastmy%2Boskrzelowej%2B%25E2%2580%2593%2BPolska%2BPlatforma%2BMedyczna&lang=pl,CC BY,810,https://ppm.edu.pl/docstore/download/UMW95e4619594ab44a7bd000a79601f7906/Gonerska+Marzena.pdf?entityType=phd&entityId=UMWd8eeeb87a52d4cda85ffb7b6b9135966
Charakterystyka niektórych zjawisk immunologicznych związanych z przeszczepami izolowanych chondrocytów,https://ppm.edu.pl/info/phd/WUMb74a37b4730042bcb2143e2b06f0b560?aq=.%3Ab10aa19e712b47a39463f17f3401e58a&r=phd&ps=100&tab=&title=Doktoraty%2B%25E2%2580%2593%2BCharakterystyka%2Bniekt%25C3%25B3rych%2Bzjawisk%2Bimmunologicznych%2Bzwi%25C4%2585zanych%2Bz%2Bprzeszczepami%2Bizolowanych%2Bchondrocyt%25C3%25B3w%2B%2B%25E2%2580%2593%2BPolska%2BPlatforma%2BMedyczna&lang=pl,CC BY,811,https://ppm.edu.pl/docstore/download/UMW95e4619594ab44a7bd000a79601f7906/Gonerska+Marzena.pdf?entityType=phd&entityId=UMWd8eeeb87a52d4cda85ffb7b6b9135966
Diagnostyka i postępowanie chirurgiczne w niewydolności żyły odstrzałkowej i żył mięśnia brzuchatego łydki,https://ppm.edu.pl/info/phd/UMW3f7d97edd64644e4b4c3e4ee100f0935?aq=.%3Ab10aa19e712b47a39463f17f3401e58a&r=phd&ps=100&tab=&title=Doktoraty%2B%25E2%2580%2593%2BDiagnostyka%2Bi%2Bpost%25C4%2599powanie%2Bchirurgiczne%2Bw%2Bniewydolno%25C5%259Bci%2B%25C5%25BCy%25C5%2582y%2Bodstrza%25C5%2582kowej%2Bi%2B%25C5%25BCy%25C5%2582%2Bmi%25C4%2599%25C5%259Bnia%2Bbrzuchatego%2B%25C5%2582ydki%2B%25E2%2580%2593%2BPolska%2BPlatforma%2BMedyczna&lang=pl,CC BY,812,https://ppm.edu.pl/docstore/download/UMW95e4619594ab44a7bd000a79601f7906/Gonerska+Marzena.pdf?entityType=phd&entityId=UMWd8eeeb87a52d4cda85ffb7b6b9135966
Badanie działania przeciwnowotworowego inhibitora chymotrypsynopodobnej aktywności proteasomu na mysich komórkach nowotworowych,https://ppm.edu.pl/info/phd/WUM06b14ee52153470f927e92aaa4df8e96?aq=.%3Ab10aa19e712b47a39463f17f3401e58a&r=phd&ps=100&tab=&title=Doktoraty%2B%25E2%2580%2593%2BBadanie%2Bdzia%25C5%2582ania%2Bprzeciwnowotworowego%2Binhibitora%2Bchymotrypsynopodobnej%2Baktywno%25C5%259Bci%2Bproteasomu%2Bna%2Bmysich%2Bkom%25C3%25B3rkach%2Bnowotworowych%2B%25E2%2580%2593%2BPolska%2BPlatforma%2BMedyczna&lang=pl,CC BY,813,https://ppm.edu.pl/docstore/download/UMW95e4619594ab44a7bd000a79601f7906/Gonerska+Marzena.pdf?entityType=phd&entityId=UMWd8eeeb87a52d4cda85ffb7b6b9135966
Ocena dynamiki miana przeciwciał anty-helicobacter pylori w klasie IgG po leczeniu eradykacyjnym,https://ppm.edu.pl/info/phd/UMWb65571a1f4ce4908b25f4e77baba92df?aq=.%3Ab10aa19e712b47a39463f17f3401e58a&r=phd&ps=100&tab=&title=Doktoraty%2B%25E2%2580%2593%2BOcena%2Bdynamiki%2Bmiana%2Bprzeciwcia%25C5%2582%2Banty-helicobacter%2Bpylori%2Bw%2Bklasie%2BIgG%2Bpo%2Bleczeniu%2Beradykacyjnym%2B%25E2%2580%2593%2BPolska%2BPlatforma%2BMedyczna&lang=pl,CC BY,814,https://ppm.edu.pl/docstore/download/UMWe070802c9315478aac2de756808e4526/Worobiec+Jacek.pdf?entityType=phd&entityId=UMWb65571a1f4ce4908b25f4e77baba92df
"Wpływ polimorfizmu genów VAMP8, PON1, NOS3, MTHFR na ryzyko zawału mięśnia sercowego",https://ppm.edu.pl/info/phd/UMWd8eeeb87a52d4cda85ffb7b6b9135966?aq=.%3Ab10aa19e712b47a39463f17f3401e58a&r=phd&ps=100&tab=&title=Doktoraty%2B%25E2%2580%2593%2BWp%25C5%2582yw%2Bpolimorfizmu%2Bgen%25C3%25B3w%2BVAMP8%252C%2BPON1%252C%2BNOS3%252C%2BMTHFR%2Bna%2Bryzyko%2Bzawa%25C5%2582u%2Bmi%25C4%2599%25C5%259Bnia%2Bsercowego%2B%25E2%2580%2593%2BPolska%2BPlatforma%2BMedyczna&lang=pl,CC BY,815,https://ppm.edu.pl/docstore/download/UMW95e4619594ab44a7bd000a79601f7906/Gonerska+Marzena.pdf?entityType=phd&entityId=UMWd8eeeb87a52d4cda85ffb7b6b9135966
Funkcja przeszczepionej nerki w zależności od wybranych czynników przed-i śródoperacyjnych,https://ppm.edu.pl/info/phd/UMW10a0da94b5d04e71bbde0d78780880e4?aq=.%3Ab10aa19e712b47a39463f17f3401e58a&r=phd&ps=100&tab=&title=Doktoraty%2B%25E2%2580%2593%2BFunkcja%2Bprzeszczepionej%2Bnerki%2Bw%2Bzale%25C5%25BCno%25C5%259Bci%2Bod%2Bwybranych%2Bczynnik%25C3%25B3w%2Bprzed-i%2B%25C5%259Br%25C3%25B3doperacyjnych%2B%25E2%2580%2593%2BPolska%2BPlatforma%2BMedyczna&lang=pl,CC BY,816,https://ppm.edu.pl/docstore/download/WUMd19e4ba9be114da5b5627de7f46730f5/T_2767.pdf?entityType=phd&entityId=WUMa3aeb324ee1a4982b43db1b2aa277b97
Badania nad wpływem niektórych czynników biologicznych i mechanicznych na powstawanie regeneratu w osteogenezie dystrakcyjnej goleni,https://ppm.edu.pl/info/phd/UMW3c942ce9769c4fc7959650effec51085?aq=.%3Ab10aa19e712b47a39463f17f3401e58a&r=phd&ps=100&tab=&title=Doktoraty%2B%25E2%2580%2593%2BBadania%2Bnad%2Bwp%25C5%2582ywem%2Bniekt%25C3%25B3rych%2Bczynnik%25C3%25B3w%2Bbiologicznych%2Bi%2Bmechanicznych%2Bna%2Bpowstawanie%2Bregeneratu%2Bw%2Bosteogenezie%2Bdystrakcyjnej%2Bgoleni%2B%25E2%2580%2593%2BPolska%2BPlatforma%2BMedyczna&lang=pl,CC BY,817,https://ppm.edu.pl/docstore/download/UMW1c4ad631824b4e3e9713c6b246c2db50/Bielecki+Igor.pdf?entityType=phd&entityId=UMW3c942ce9769c4fc7959650effec51085
Przeszczepy syngenicznych i allogenicznych chondrocytów do ubytków w chrząstce powierzchni stawowej szczurów,https://ppm.edu.pl/info/phd/WUMa6c3add57aa44d20b3b88ed79f6d193e?aq=.%3Ab10aa19e712b47a39463f17f3401e58a&r=phd&ps=100&tab=&title=Doktoraty%2B%25E2%2580%2593%2BPrzeszczepy%2Bsyngenicznych%2Bi%2Ballogenicznych%2Bchondrocyt%25C3%25B3w%2Bdo%2Bubytk%25C3%25B3w%2Bw%2Bchrz%25C4%2585stce%2Bpowierzchni%2Bstawowej%2Bszczur%25C3%25B3w%2B%25E2%2580%2593%2BPolska%2BPlatforma%2BMedyczna&lang=pl,CC BY,818,https://ppm.edu.pl/docstore/download/WUMd19e4ba9be114da5b5627de7f46730f5/T_2767.pdf?entityType=phd&entityId=WUMa3aeb324ee1a4982b43db1b2aa277b97
Nadciśnienie tętnicze wywołane okluzją żyły nadnerczowej u szczura,https://ppm.edu.pl/info/phd/WUM40fcd8c682094fd8b64ae0575516c103?aq=.%3Ab10aa19e712b47a39463f17f3401e58a&r=phd&ps=100&tab=&title=Doktoraty%2B%25E2%2580%2593%2BNadci%25C5%259Bnienie%2Bt%25C4%2599tnicze%2Bwywo%25C5%2582ane%2Bokluzj%25C4%2585%2B%25C5%25BCy%25C5%2582y%2Bnadnerczowej%2Bu%2Bszczura%2B%25E2%2580%2593%2BPolska%2BPlatforma%2BMedyczna&lang=pl,CC BY,819,https://ppm.edu.pl/docstore/download/WUMd19e4ba9be114da5b5627de7f46730f5/T_2767.pdf?entityType=phd&entityId=WUMa3aeb324ee1a4982b43db1b2aa277b97
Ocena wybranych parametrów układu krzepnięcia po operacyjnym usunięciu żylaków kończyn dolnych,https://ppm.edu.pl/info/phd/UMW5c12b4aa80be4013abc0cc8fb1da5ef9?aq=.%3Ab10aa19e712b47a39463f17f3401e58a&r=phd&ps=100&tab=&title=Doktoraty%2B%25E2%2580%2593%2BOcena%2Bwybranych%2Bparametr%25C3%25B3w%2Buk%25C5%2582adu%2Bkrzepni%25C4%2599cia%2Bpo%2Boperacyjnym%2Busuni%25C4%2599ciu%2B%25C5%25BCylak%25C3%25B3w%2Bko%25C5%2584czyn%2Bdolnych%2B%25E2%2580%2593%2BPolska%2BPlatforma%2BMedyczna&lang=pl,CC BY,820,https://ppm.edu.pl/docstore/download/WUMd19e4ba9be114da5b5627de7f46730f5/T_2767.pdf?entityType=phd&entityId=WUMa3aeb324ee1a4982b43db1b2aa277b97
Zagadnienia rozrodu u kobiet z otyłością a metabolizm tłuszczów i węglowodanów,https://ppm.edu.pl/info/phd/WUM4b6cd052ea4d4cfa8a6c567d6c82a34a?aq=.%3Ab10aa19e712b47a39463f17f3401e58a&r=phd&ps=100&tab=&title=Doktoraty%2B%25E2%2580%2593%2BZagadnienia%2Brozrodu%2Bu%2Bkobiet%2Bz%2Boty%25C5%2582o%25C5%259Bci%25C4%2585%2Ba%2Bmetabolizm%2Bt%25C5%2582uszcz%25C3%25B3w%2Bi%2Bw%25C4%2599glowodan%25C3%25B3w%2B%25E2%2580%2593%2BPolska%2BPlatforma%2BMedyczna&lang=pl,CC BY,821,https://ppm.edu.pl/docstore/download/WUMd19e4ba9be114da5b5627de7f46730f5/T_2767.pdf?entityType=phd&entityId=WUMa3aeb324ee1a4982b43db1b2aa277b97
Przebieg kliniczny i leczenie toksokarozy u dzieci,https://ppm.edu.pl/info/phd/WUM2a78b3092e324e31bc5ef3f5e7f07ccb?aq=.%3Ab10aa19e712b47a39463f17f3401e58a&r=phd&ps=100&tab=&title=Doktoraty%2B%25E2%2580%2593%2BPrzebieg%2Bkliniczny%2Bi%2Bleczenie%2Btoksokarozy%2Bu%2Bdzieci%2B%25E2%2580%2593%2BPolska%2BPlatforma%2BMedyczna&lang=pl,CC BY,822,https://ppm.edu.pl/docstore/download/WUMd19e4ba9be114da5b5627de7f46730f5/T_2767.pdf?entityType=phd&entityId=WUMa3aeb324ee1a4982b43db1b2aa277b97
Ocena wyników badań diagnostycznych i leczenia operacyjnego w zespole uciskowym górnego otworu klatki piersiowej,https://ppm.edu.pl/info/phd/UMW03198fe981b24f59bb2b6c938a9abea4?aq=.%3Ab10aa19e712b47a39463f17f3401e58a&r=phd&ps=100&tab=&title=Doktoraty%2B%25E2%2580%2593%2BOcena%2Bwynik%25C3%25B3w%2Bbada%25C5%2584%2Bdiagnostycznych%2Bi%2Bleczenia%2Boperacyjnego%2Bw%2Bzespole%2Buciskowym%2Bg%25C3%25B3rnego%2Botworu%2Bklatki%2Bpiersiowej%2B%25E2%2580%2593%2BPolska%2BPlatforma%2BMedyczna&lang=pl,CC BY,823,https://ppm.edu.pl/docstore/download/WUMd19e4ba9be114da5b5627de7f46730f5/T_2767.pdf?entityType=phd&entityId=WUMa3aeb324ee1a4982b43db1b2aa277b97
Unerwienie zwieracza zewnętrznego cewki moczowej,https://ppm.edu.pl/info/phd/WUM2ffcadc2328649c7a5d4fda42e45bd7a?aq=.%3Ab10aa19e712b47a39463f17f3401e58a&r=phd&ps=100&tab=&title=Doktoraty%2B%25E2%2580%2593%2BUnerwienie%2Bzwieracza%2Bzewn%25C4%2599trznego%2Bcewki%2Bmoczowej%2B%25E2%2580%2593%2BPolska%2BPlatforma%2BMedyczna&lang=pl,CC BY,824,https://ppm.edu.pl/docstore/download/WUMd19e4ba9be114da5b5627de7f46730f5/T_2767.pdf?entityType=phd&entityId=WUMa3aeb324ee1a4982b43db1b2aa277b97
"Synteza nowych pochodnych indolo[2,3-b]chinoksaliny 2-metylo-10H-pirymido[1,2-a]benzimidazol-4-onu - 2-fenylo-10H-pirymido[1,2-a]benzimidazol-4-onu o spodziewanym działaniu farmakologicznym na ośrodkowy układ nerwowy",https://ppm.edu.pl/info/phd/WUM7182ac51426440978a37d59cce2c13aa?aq=.%3Ab10aa19e712b47a39463f17f3401e58a&r=phd&ps=100&tab=&title=Doktoraty%2B%25E2%2580%2593%2BSynteza%2Bnowych%2Bpochodnych%2Bindolo%255B2%252C3-b%255Dchinoksaliny%2B2-metylo-10H-pirymido%255B1%252C2-a%255Dbenzimidazol-4-onu%2B-%2B2-fenylo-10H-pirymido%255B1%252C2-a%255Dbenzimidazol-4-onu%2Bo%2Bspodziewanym%2Bdzia%25C5%2582aniu%2Bfarmakologicznym%2Bna%2Bo%25C5%259Brodkowy%2Buk%25C5%2582ad%2Bnerwowy%2B%25E2%2580%2593%2BPolska%2BPlatforma%2BMedyczna&lang=pl,CC BY,825,https://ppm.edu.pl/docstore/download/WUMd19e4ba9be114da5b5627de7f46730f5/T_2767.pdf?entityType=phd&entityId=WUMa3aeb324ee1a4982b43db1b2aa277b97
Leczenie chirurgiczne przewlekłego zapalenia trzustki,https://ppm.edu.pl/info/phd/WUMfc060ff52f214bd9bc25bed1f72c6e75?aq=.%3Ab10aa19e712b47a39463f17f3401e58a&r=phd&ps=100&tab=&title=Doktoraty%2B%25E2%2580%2593%2BLeczenie%2Bchirurgiczne%2Bprzewlek%25C5%2582ego%2Bzapalenia%2Btrzustki%2B%25E2%2580%2593%2BPolska%2BPlatforma%2BMedyczna&lang=pl,CC BY,826,https://ppm.edu.pl/docstore/download/WUMd19e4ba9be114da5b5627de7f46730f5/T_2767.pdf?entityType=phd&entityId=WUMa3aeb324ee1a4982b43db1b2aa277b97
"Wpływ etanolu na budowę, czynność i regenerację wątroby szczura po zespoleniu żyły wrotnej z żyłą główną dolną",https://ppm.edu.pl/info/phd/WUM52e0db3e63064283a2022901782a138a?aq=.%3Ab10aa19e712b47a39463f17f3401e58a&r=phd&ps=100&tab=&title=Doktoraty%2B%25E2%2580%2593%2BWp%25C5%2582yw%2Betanolu%2Bna%2Bbudow%25C4%2599%252C%2Bczynno%25C5%259B%25C4%2587%2Bi%2Bregeneracj%25C4%2599%2Bw%25C4%2585troby%2Bszczura%2Bpo%2Bzespoleniu%2B%25C5%25BCy%25C5%2582y%2Bwrotnej%2Bz%2B%25C5%25BCy%25C5%2582%25C4%2585%2Bg%25C5%2582%25C3%25B3wn%25C4%2585%2Bdoln%25C4%2585%2B%25E2%2580%2593%2BPolska%2BPlatforma%2BMedyczna&lang=pl,CC BY,827,https://ppm.edu.pl/docstore/download/WUMd19e4ba9be114da5b5627de7f46730f5/T_2767.pdf?entityType=phd&entityId=WUMa3aeb324ee1a4982b43db1b2aa277b97
Analiza przyczyn pourazowych amputacji kończyn dolnych oraz ocena wydolności kikuta i przydatności do zaprotezowania,https://ppm.edu.pl/info/phd/WUM9e0cd7e541594497998f16be12890b25?aq=.%3Ab10aa19e712b47a39463f17f3401e58a&r=phd&ps=100&tab=&title=Doktoraty%2B%25E2%2580%2593%2BAnaliza%2Bprzyczyn%2Bpourazowych%2Bamputacji%2Bko%25C5%2584czyn%2Bdolnych%2Boraz%2Bocena%2Bwydolno%25C5%259Bci%2Bkikuta%2Bi%2Bprzydatno%25C5%259Bci%2Bdo%2Bzaprotezowania%2B%2B%25E2%2580%2593%2BPolska%2BPlatforma%2BMedyczna&lang=pl,CC BY,828,https://ppm.edu.pl/docstore/download/WUMd19e4ba9be114da5b5627de7f46730f5/T_2767.pdf?entityType=phd&entityId=WUMa3aeb324ee1a4982b43db1b2aa277b97
Kwas sialowy w płytkach krwi i osoczu u chorych z powikłaniami tętniczymi,https://ppm.edu.pl/info/phd/UMW0d44e082abe6456f8243494c58f9d21a?aq=.%3Ab10aa19e712b47a39463f17f3401e58a&r=phd&ps=100&tab=&title=Doktoraty%2B%25E2%2580%2593%2BKwas%2Bsialowy%2Bw%2Bp%25C5%2582ytkach%2Bkrwi%2Bi%2Bosoczu%2Bu%2Bchorych%2Bz%2Bpowik%25C5%2582aniami%2Bt%25C4%2599tniczymi%2B%25E2%2580%2593%2BPolska%2BPlatforma%2BMedyczna&lang=pl,CC BY,829,https://ppm.edu.pl/docstore/download/WUMd19e4ba9be114da5b5627de7f46730f5/T_2767.pdf?entityType=phd&entityId=WUMa3aeb324ee1a4982b43db1b2aa277b97
Ocena ewolucji przerostu lewej komory serca po leczeniu chirurgicznym izolowanego zwężenia cieśni aorty u dzieci,https://ppm.edu.pl/info/phd/WUM551e1d7064764740ae32a39d38983b19?aq=.%3Ab10aa19e712b47a39463f17f3401e58a&r=phd&ps=100&tab=&title=Doktoraty%2B%25E2%2580%2593%2BOcena%2Bewolucji%2Bprzerostu%2Blewej%2Bkomory%2Bserca%2Bpo%2Bleczeniu%2Bchirurgicznym%2Bizolowanego%2Bzw%25C4%2599%25C5%25BCenia%2Bcie%25C5%259Bni%2Baorty%2Bu%2Bdzieci%2B%2B%25E2%2580%2593%2BPolska%2BPlatforma%2BMedyczna&lang=pl,CC BY,830,https://ppm.edu.pl/docstore/download/WUMd19e4ba9be114da5b5627de7f46730f5/T_2767.pdf?entityType=phd&entityId=WUMa3aeb324ee1a4982b43db1b2aa277b97
Przydatność biopsji aspiracyjnej cienkoigłowej w diagnostyce przedoperacyjnej zmian guzowatych tarczycy i szyi,https://ppm.edu.pl/info/phd/UMW4217abfeeb4a4ac39da003479373087e?aq=.%3Ab10aa19e712b47a39463f17f3401e58a&r=phd&ps=100&tab=&title=Doktoraty%2B%25E2%2580%2593%2BPrzydatno%25C5%259B%25C4%2587%2Bbiopsji%2Baspiracyjnej%2Bcienkoig%25C5%2582owej%2Bw%2Bdiagnostyce%2Bprzedoperacyjnej%2Bzmian%2Bguzowatych%2Btarczycy%2Bi%2Bszyi%2B%25E2%2580%2593%2BPolska%2BPlatforma%2BMedyczna&lang=pl,CC BY,831,https://ppm.edu.pl/docstore/download/WUMd19e4ba9be114da5b5627de7f46730f5/T_2767.pdf?entityType=phd&entityId=WUMa3aeb324ee1a4982b43db1b2aa277b97
Wybrane wskaźniki gospodarki tłuszczowej u chorych na kamicę pęcherzyka żółciowego,https://ppm.edu.pl/info/phd/UMWe9bce74e385e4462b76854cc29fcd74e?aq=.%3Ab10aa19e712b47a39463f17f3401e58a&r=phd&ps=100&tab=&title=Doktoraty%2B%25E2%2580%2593%2BWybrane%2Bwska%25C5%25BAniki%2Bgospodarki%2Bt%25C5%2582uszczowej%2Bu%2Bchorych%2Bna%2Bkamic%25C4%2599%2Bp%25C4%2599cherzyka%2B%25C5%25BC%25C3%25B3%25C5%2582ciowego%2B%25E2%2580%2593%2BPolska%2BPlatforma%2BMedyczna&lang=pl,CC BY,832,https://ppm.edu.pl/docstore/download/WUMd19e4ba9be114da5b5627de7f46730f5/T_2767.pdf?entityType=phd&entityId=WUMa3aeb324ee1a4982b43db1b2aa277b97
Wpływ etanolu na regenerację wątroby,https://ppm.edu.pl/info/phd/WUM2fbe7947ef964a2eb69586291d1e372d?aq=.%3Ab10aa19e712b47a39463f17f3401e58a&r=phd&ps=100&tab=&title=Doktoraty%2B%25E2%2580%2593%2BWp%25C5%2582yw%2Betanolu%2Bna%2Bregeneracj%25C4%2599%2Bw%25C4%2585troby%2B%25E2%2580%2593%2BPolska%2BPlatforma%2BMedyczna&lang=pl,CC BY,833,https://ppm.edu.pl/docstore/download/WUMd19e4ba9be114da5b5627de7f46730f5/T_2767.pdf?entityType=phd&entityId=WUMa3aeb324ee1a4982b43db1b2aa277b97
Ocena ryzyka operacyjnego u chorych z marskością wątroby,https://ppm.edu.pl/info/phd/WUM39e863011d964bb59e3cb91aac815333?aq=.%3Ab10aa19e712b47a39463f17f3401e58a&r=phd&ps=100&tab=&title=Doktoraty%2B%25E2%2580%2593%2BOcena%2Bryzyka%2Boperacyjnego%2Bu%2Bchorych%2Bz%2Bmarsko%25C5%259Bci%25C4%2585%2Bw%25C4%2585troby%2B%25E2%2580%2593%2BPolska%2BPlatforma%2BMedyczna&lang=pl,CC BY,834,https://ppm.edu.pl/docstore/download/WUMd19e4ba9be114da5b5627de7f46730f5/T_2767.pdf?entityType=phd&entityId=WUMa3aeb324ee1a4982b43db1b2aa277b97
Wpływ leczenia przeciwarytmicznego na wydolność serca chorych z chorobą niedokrwienną serca i komorowymi zaburzeniami rytmu,https://ppm.edu.pl/info/phd/WUM1b04b6779ac449b18cf3ad4bfc7a19e7?aq=.%3Ab10aa19e712b47a39463f17f3401e58a&r=phd&ps=100&tab=&title=Doktoraty%2B%25E2%2580%2593%2BWp%25C5%2582yw%2Bleczenia%2Bprzeciwarytmicznego%2Bna%2Bwydolno%25C5%259B%25C4%2587%2Bserca%2Bchorych%2Bz%2Bchorob%25C4%2585%2Bniedokrwienn%25C4%2585%2Bserca%2Bi%2Bkomorowymi%2Bzaburzeniami%2Brytmu%2B%25E2%2580%2593%2BPolska%2BPlatforma%2BMedyczna&lang=pl,CC BY,835,https://ppm.edu.pl/docstore/download/WUMd19e4ba9be114da5b5627de7f46730f5/T_2767.pdf?entityType=phd&entityId=WUMa3aeb324ee1a4982b43db1b2aa277b97
Ultrasonografia tarczycy,https://ppm.edu.pl/info/phd/UMW7baee0cf41fa431ea3445a2e87ccefcc?aq=.%3Ab10aa19e712b47a39463f17f3401e58a&r=phd&ps=100&tab=&title=Doktoraty%2B%25E2%2580%2593%2BUltrasonografia%2Btarczycy%2B%25E2%2580%2593%2BPolska%2BPlatforma%2BMedyczna&lang=pl,CC BY,836,https://ppm.edu.pl/docstore/download/WUMd19e4ba9be114da5b5627de7f46730f5/T_2767.pdf?entityType=phd&entityId=WUMa3aeb324ee1a4982b43db1b2aa277b97
Wartość badań gospodarki węglowodanowej w marskości wątroby,https://ppm.edu.pl/info/phd/UMWdeb9525194114b3e80e185c6baba2274?aq=.%3Ab10aa19e712b47a39463f17f3401e58a&r=phd&ps=100&tab=&title=Doktoraty%2B%25E2%2580%2593%2BWarto%25C5%259B%25C4%2587%2Bbada%25C5%2584%2Bgospodarki%2Bw%25C4%2599glowodanowej%2Bw%2Bmarsko%25C5%259Bci%2Bw%25C4%2585troby%2B%25E2%2580%2593%2BPolska%2BPlatforma%2BMedyczna&lang=pl,CC BY,837,https://ppm.edu.pl/docstore/download/WUMd19e4ba9be114da5b5627de7f46730f5/T_2767.pdf?entityType=phd&entityId=WUMa3aeb324ee1a4982b43db1b2aa277b97
Zmiany w aktywacji systemu dopełniacza u chorych z miażdżycą zarostową tętnic kończyn dolnych leczonych operacyjnie,https://ppm.edu.pl/info/phd/UMW9c9885a1d3b844d49dc60d8f04934c31?aq=.%3Ab10aa19e712b47a39463f17f3401e58a&r=phd&ps=100&tab=&title=Doktoraty%2B%25E2%2580%2593%2BZmiany%2Bw%2Baktywacji%2Bsystemu%2Bdope%25C5%2582niacza%2Bu%2Bchorych%2Bz%2Bmia%25C5%25BCd%25C5%25BCyc%25C4%2585%2Bzarostow%25C4%2585%2Bt%25C4%2599tnic%2Bko%25C5%2584czyn%2Bdolnych%2Bleczonych%2Boperacyjnie%2B%25E2%2580%2593%2BPolska%2BPlatforma%2BMedyczna&lang=pl,CC BY,838,https://ppm.edu.pl/docstore/download/WUMd19e4ba9be114da5b5627de7f46730f5/T_2767.pdf?entityType=phd&entityId=WUMa3aeb324ee1a4982b43db1b2aa277b97
Ocena wyników operacyjnego leczenia niedokrwienia kończyn dolnych przy pomocy przepływomierza ultradźwiękowego UPD-30,https://ppm.edu.pl/info/phd/UMWe13e56643f324e3e87b714e7e5b57e11?aq=.%3Ab10aa19e712b47a39463f17f3401e58a&r=phd&ps=100&tab=&title=Doktoraty%2B%25E2%2580%2593%2BOcena%2Bwynik%25C3%25B3w%2Boperacyjnego%2Bleczenia%2Bniedokrwienia%2Bko%25C5%2584czyn%2Bdolnych%2Bprzy%2Bpomocy%2Bprzep%25C5%2582ywomierza%2Bultrad%25C5%25BAwi%25C4%2599kowego%2BUPD-30%2B%25E2%2580%2593%2BPolska%2BPlatforma%2BMedyczna&lang=pl,CC BY,839,https://ppm.edu.pl/docstore/download/WUMd19e4ba9be114da5b5627de7f46730f5/T_2767.pdf?entityType=phd&entityId=WUMa3aeb324ee1a4982b43db1b2aa277b97
Wpływ długotrwałego stosowania 25-hydroksycholekalcyferolu na przebudowę tkanki kostnej zbitej i gąbczastej psów otrzymujących encorton,https://ppm.edu.pl/info/phd/WUM466d4960410246839387785134351c25?aq=.%3Ab10aa19e712b47a39463f17f3401e58a&r=phd&ps=100&tab=&title=Doktoraty%2B%25E2%2580%2593%2BWp%25C5%2582yw%2Bd%25C5%2582ugotrwa%25C5%2582ego%2Bstosowania%2B25-hydroksycholekalcyferolu%2Bna%2Bprzebudow%25C4%2599%2Btkanki%2Bkostnej%2Bzbitej%2Bi%2Bg%25C4%2585bczastej%2Bps%25C3%25B3w%2Botrzymuj%25C4%2585cych%2Bencorton%2B%25E2%2580%2593%2BPolska%2BPlatforma%2BMedyczna&lang=pl,CC BY,840,https://ppm.edu.pl/docstore/download/WUMd19e4ba9be114da5b5627de7f46730f5/T_2767.pdf?entityType=phd&entityId=WUMa3aeb324ee1a4982b43db1b2aa277b97
Analiza wskazań do badań naczyniowych nerek na podstawie własnego materiału (konfrontacja obrazów urografii i angiografii nerkowych),https://ppm.edu.pl/info/phd/UMWa3d6748a98ca4ab0b9b11ab7cf2f3e4f?aq=.%3Ab10aa19e712b47a39463f17f3401e58a&r=phd&ps=100&tab=&title=Doktoraty%2B%25E2%2580%2593%2BAnaliza%2Bwskaza%25C5%2584%2Bdo%2Bbada%25C5%2584%2Bnaczyniowych%2Bnerek%2Bna%2Bpodstawie%2Bw%25C5%2582asnego%2Bmateria%25C5%2582u%2B%2528konfrontacja%2Bobraz%25C3%25B3w%2Burografii%2Bi%2Bangiografii%2Bnerkowych%2529%2B%25E2%2580%2593%2BPolska%2BPlatforma%2BMedyczna&lang=pl,CC BY,841,https://ppm.edu.pl/docstore/download/WUMd19e4ba9be114da5b5627de7f46730f5/T_2767.pdf?entityType=phd&entityId=WUMa3aeb324ee1a4982b43db1b2aa277b97
Zastosowanie metody immunodyfuzji radialnej do oznaczania stężenia apolipoproteiny B w surowicy w różnych typach hiperlipoproteinemii,https://ppm.edu.pl/info/phd/WUM6a4e428868564982aa9f60e08bcc6ae5?aq=.%3Ab10aa19e712b47a39463f17f3401e58a&r=phd&ps=100&tab=&title=Doktoraty%2B%25E2%2580%2593%2BZastosowanie%2Bmetody%2Bimmunodyfuzji%2Bradialnej%2Bdo%2Boznaczania%2Bst%25C4%2599%25C5%25BCenia%2Bapolipoproteiny%2BB%2Bw%2Bsurowicy%2Bw%2Br%25C3%25B3%25C5%25BCnych%2Btypach%2Bhiperlipoproteinemii%2B%25E2%2580%2593%2BPolska%2BPlatforma%2BMedyczna&lang=pl,CC BY,842,https://ppm.edu.pl/docstore/download/WUMd19e4ba9be114da5b5627de7f46730f5/T_2767.pdf?entityType=phd&entityId=WUMa3aeb324ee1a4982b43db1b2aa277b97
Białka ostrej fazy w przewlekłej niewydolności tętniczej obwodowej,https://ppm.edu.pl/info/phd/UMWf31d602182244b77b76fa2edf8dd32ad?aq=.%3Ab10aa19e712b47a39463f17f3401e58a&r=phd&ps=100&tab=&title=Doktoraty%2B%25E2%2580%2593%2BBia%25C5%2582ka%2Bostrej%2Bfazy%2Bw%2Bprzewlek%25C5%2582ej%2Bniewydolno%25C5%259Bci%2Bt%25C4%2599tniczej%2Bobwodowej%2B%25E2%2580%2593%2BPolska%2BPlatforma%2BMedyczna&lang=pl,CC BY,843,https://ppm.edu.pl/docstore/download/WUMd19e4ba9be114da5b5627de7f46730f5/T_2767.pdf?entityType=phd&entityId=WUMa3aeb324ee1a4982b43db1b2aa277b97
Zachowanie się układu kallikreinogen-kallikreina u chorych z przewlekłą niewydolnością tętnic obwodowych,https://ppm.edu.pl/info/phd/UMWbda3025ef709416fb084775679a8b119?aq=.%3Ab10aa19e712b47a39463f17f3401e58a&r=phd&ps=100&tab=&title=Doktoraty%2B%25E2%2580%2593%2BZachowanie%2Bsi%25C4%2599%2Buk%25C5%2582adu%2Bkallikreinogen-kallikreina%2Bu%2Bchorych%2Bz%2Bprzewlek%25C5%2582%25C4%2585%2Bniewydolno%25C5%259Bci%25C4%2585%2Bt%25C4%2599tnic%2Bobwodowych%2B%25E2%2580%2593%2BPolska%2BPlatforma%2BMedyczna&lang=pl,CC BY,844,https://ppm.edu.pl/docstore/download/WUMd19e4ba9be114da5b5627de7f46730f5/T_2767.pdf?entityType=phd&entityId=WUMa3aeb324ee1a4982b43db1b2aa277b97
Preparacja i właściwości tRNA z łożyska ludzkiego,https://ppm.edu.pl/info/phd/UMW5cdfe9b872204ca89cfa4dd81c36ced5?aq=.%3Ab10aa19e712b47a39463f17f3401e58a&r=phd&ps=100&tab=&title=Doktoraty%2B%25E2%2580%2593%2BPreparacja%2Bi%2Bw%25C5%2582a%25C5%259Bciwo%25C5%259Bci%2BtRNA%2Bz%2B%25C5%2582o%25C5%25BCyska%2Bludzkiego%2B%25E2%2580%2593%2BPolska%2BPlatforma%2BMedyczna&lang=pl,CC BY,845,https://ppm.edu.pl/docstore/download/WUMd19e4ba9be114da5b5627de7f46730f5/T_2767.pdf?entityType=phd&entityId=WUMa3aeb324ee1a4982b43db1b2aa277b97
Badania doświadczalne nad zachowaniem się objętości krwi krążącej w zespole pozaciskowym oraz po jednostronnym wycięciu lędźwiowych współczulnych,https://ppm.edu.pl/info/phd/UMW12a5e6065ec74479b4504f1467c78d87?aq=.%3Ab10aa19e712b47a39463f17f3401e58a&r=phd&ps=100&tab=&title=Doktoraty%2B%25E2%2580%2593%2BBadania%2Bdo%25C5%259Bwiadczalne%2Bnad%2Bzachowaniem%2Bsi%25C4%2599%2Bobj%25C4%2599to%25C5%259Bci%2Bkrwi%2Bkr%25C4%2585%25C5%25BC%25C4%2585cej%2Bw%2Bzespole%2Bpozaciskowym%2Boraz%2Bpo%2Bjednostronnym%2Bwyci%25C4%2599ciu%2Bl%25C4%2599d%25C5%25BAwiowych%2Bwsp%25C3%25B3%25C5%2582czulnych%2B%25E2%2580%2593%2BPolska%2BPlatforma%2BMedyczna&lang=pl,CC BY,846,https://ppm.edu.pl/docstore/download/WUMd19e4ba9be114da5b5627de7f46730f5/T_2767.pdf?entityType=phd&entityId=WUMa3aeb324ee1a4982b43db1b2aa277b97
Zagadnienie lepkości krwi w czasie krążenia pozaustrojowego i hipotermii,https://ppm.edu.pl/info/phd/UMW80f1d05bb41742dc8028aa5117957cbf?aq=.%3Ab10aa19e712b47a39463f17f3401e58a&r=phd&ps=100&tab=&title=Doktoraty%2B%25E2%2580%2593%2BZagadnienie%2Blepko%25C5%259Bci%2Bkrwi%2Bw%2Bczasie%2Bkr%25C4%2585%25C5%25BCenia%2Bpozaustrojowego%2Bi%2Bhipotermii%2B%25E2%2580%2593%2BPolska%2BPlatforma%2BMedyczna&lang=pl,CC BY,847,https://ppm.edu.pl/docstore/download/UMW18ccf45ff44a4146b16972bfaf6b566b/Lazarkiewicz+Bogdan.pdf?entityType=phd&entityId=UMW80f1d05bb41742dc8028aa5117957cbf
