ID,Title,URL,License
1,Ocena wybranych czynników wpływających na wrażliwość chemoreceptorów tętniczych u osób zdrowych,https://ppm.edu.pl/info/phd/UMW989aeff40c6b4850b9d8063d99830552?affil=&r=phd&ps=100&tab=&title=Doktoraty%2B%25E2%2580%2593%2BOcena%2Bwybranych%2Bczynnik%25C3%25B3w%2Bwp%25C5%2582ywaj%25C4%2585cych%2Bna%2Bwra%25C5%25BCliwo%25C5%259B%25C4%2587%2Bchemoreceptor%25C3%25B3w%2Bt%25C4%2599tniczych%2Bu%2Bos%25C3%25B3b%2Bzdrowych%2B%25E2%2580%2593%2BPolska%2BPlatforma%2BMedyczna&lang=pl,CC BY-NC
2,Wpływ drenażu limfatycznego na insulinooporność tkankową u pacjentów z nieprawidłową masa ciała,https://ppm.edu.pl/info/phd/GUMb35f018e34064e37b92fdc98e8ed5234?affil=&r=phd&ps=100&tab=&title=Doktoraty%2B%25E2%2580%2593%2BWp%25C5%2582yw%2Bdrena%25C5%25BCu%2Blimfatycznego%2Bna%2Binsulinooporno%25C5%259B%25C4%2587%2Btkankow%25C4%2585%2Bu%2Bpacjent%25C3%25B3w%2Bz%2Bnieprawid%25C5%2582ow%25C4%2585%2Bmasa%2Bcia%25C5%2582a%2B%25E2%2580%2593%2BPolska%2BPlatforma%2BMedyczna&lang=pl,CC BY-NC
4,Dializa otrzewnowa u pacjentów z cukrzycą i bez cukrzycy - ścieżki kliniczne na podstawie 15-letniej obserwacji ośrodka,https://ppm.edu.pl/info/phd/UMW3e25462c7d2b4c7cb7900720d47eb374?affil=&r=phd&ps=100&tab=&title=Doktoraty%2B%25E2%2580%2593%2BDializa%2Botrzewnowa%2Bu%2Bpacjent%25C3%25B3w%2Bz%2Bcukrzyc%25C4%2585%2Bi%2Bbez%2Bcukrzycy%2B-%2B%25C5%259Bcie%25C5%25BCki%2Bkliniczne%2Bna%2Bpodstawie%2B15-letniej%2Bobserwacji%2Bo%25C5%259Brodka%2B%25E2%2580%2593%2BPolska%2BPlatforma%2BMedyczna&lang=pl,CC BY-NC-SA
5,Interwencja z zakresu opieki paliatywnej w praktyce lekarza podstawowej opieki zdrowotnej,https://ppm.edu.pl/info/phd/UMWbded011d25754e6e89e58e6e4ac4b1d5?affil=&r=phd&ps=100&tab=&title=Doktoraty%2B%25E2%2580%2593%2BInterwencja%2Bz%2Bzakresu%2Bopieki%2Bpaliatywnej%2Bw%2Bpraktyce%2Blekarza%2Bpodstawowej%2Bopieki%2Bzdrowotnej%2B%25E2%2580%2593%2BPolska%2BPlatforma%2BMedyczna&lang=pl,CC BY
6,Czynniki determinujące pracę pielęgniarek anestezjologicznych oraz poziom bezpieczeństwa pacjentów,https://ppm.edu.pl/info/phd/UMW57a4e0bd828744a7a70ad308a5b91edf?affil=&r=phd&ps=100&tab=&title=Doktoraty%2B%25E2%2580%2593%2BCzynniki%2Bdeterminuj%25C4%2585ce%2Bprac%25C4%2599%2Bpiel%25C4%2599gniarek%2Banestezjologicznych%2Boraz%2Bpoziom%2Bbezpiecze%25C5%2584stwa%2Bpacjent%25C3%25B3w%2B%25E2%2580%2593%2BPolska%2BPlatforma%2BMedyczna&lang=pl,CC BY
7,Zastosowanie torakoskopii w leczeniu wrodzonego zarośnięcia przełyku,https://ppm.edu.pl/info/phd/UMW1cfbe64e2dc74e92a0c5a6212f3ea23a?affil=&r=phd&ps=100&tab=&title=Doktoraty%2B%25E2%2580%2593%2BZastosowanie%2Btorakoskopii%2Bw%2Bleczeniu%2Bwrodzonego%2Bzaro%25C5%259Bni%25C4%2599cia%2Bprze%25C5%2582yku%2B%25E2%2580%2593%2BPolska%2BPlatforma%2BMedyczna&lang=pl,CC BY-NC-SA
8,Zmiany w metabolizmie energetycznym komórek serca towarzyszące miażdżycy,https://ppm.edu.pl/info/phd/GUM68b164e56c8a44ba82cda373c1360bde?affil=&r=phd&ps=100&tab=&title=Doktoraty%2B%25E2%2580%2593%2BZmiany%2Bw%2Bmetabolizmie%2Benergetycznym%2Bkom%25C3%25B3rek%2Bserca%2Btowarzysz%25C4%2585ce%2B%2Bmia%25C5%25BCd%25C5%25BCycy%2B%25E2%2580%2593%2BPolska%2BPlatforma%2BMedyczna&lang=pl,CC BY-NC-SA
11,"Ocena ekspresji genów NTRK1, NTRK2 i NTRK3 w raku płaskonabłonkowym jamy ustnej",https://ppm.edu.pl/info/phd/GUMbb6a2b76a4d9494b94d58204f07533dd?affil=&r=phd&ps=100&tab=&title=Doktoraty%2B%25E2%2580%2593%2BOcena%2Bekspresji%2Bgen%25C3%25B3w%2BNTRK1%252C%2BNTRK2%2Bi%2BNTRK3%2Bw%2Braku%2Bp%25C5%2582askonab%25C5%2582onkowym%2Bjamy%2Bustnej%2B%25E2%2580%2593%2BPolska%2BPlatforma%2BMedyczna&lang=pl,CC BY-NC-SA
12,Ocena ryzyka sercowo-naczyniowego u chorych na spondyloartropatie zapalne,https://ppm.edu.pl/info/phd/UMWecc73bce44854bdbae3be035207246fb?affil=&r=phd&ps=100&tab=&title=Doktoraty%2B%25E2%2580%2593%2BOcena%2Bryzyka%2Bsercowo-naczyniowego%2Bu%2Bchorych%2Bna%2Bspondyloartropatie%2Bzapalne%2B%25E2%2580%2593%2BPolska%2BPlatforma%2BMedyczna&lang=pl,CC BY
14,Ocena morfologiczna i biochemiczna jednostki nerwowo-naczyniowej mózgowia u myszy w przebiegu zaburzeń gospodarki lipidowej,https://ppm.edu.pl/info/phd/GUMa517d9f6caf4487b8adbd5306443f1d3?affil=&r=phd&ps=100&tab=&title=Doktoraty%2B%25E2%2580%2593%2BOcena%2Bmorfologiczna%2Bi%2Bbiochemiczna%2Bjednostki%2Bnerwowo-naczyniowej%2Bm%25C3%25B3zgowia%2Bu%2Bmyszy%2Bw%2Bprzebiegu%2Bzaburze%25C5%2584%2Bgospodarki%2Blipidowej%2B%25E2%2580%2593%2BPolska%2BPlatforma%2BMedyczna&lang=pl,CC BY-NC-SA
17,"Proces rozpoznania, oczekiwania oraz charakterystyka psychologiczna kobiet z zespołem wielotorbielowatych jajników",https://ppm.edu.pl/info/phd/GUM07de31bf6fcf4115b735f7b61bc121fa?affil=&r=phd&ps=100&tab=&title=Doktoraty%2B%25E2%2580%2593%2BProces%2Brozpoznania%252C%2Boczekiwania%2Boraz%2Bcharakterystyka%2Bpsychologiczna%2Bkobiet%2Bz%2Bzespo%25C5%2582em%2Bwielotorbielowatych%2Bjajnik%25C3%25B3w%2B%25E2%2580%2593%2BPolska%2BPlatforma%2BMedyczna&lang=pl,CC BY-SA
18,Kompleksowa ocena elektrokardiograficznych parametrów okresu repolaryzacji oraz dotyczącyh załamka P u dorosłych z nadwagą i otyłością i ich powiązania z występowaniem zaburzeń rytmu w różnych grupach wiekowych,https://ppm.edu.pl/info/phd/UMW9a317ff299a745ab9cdb45fd83923caf?affil=&r=phd&ps=100&tab=&title=Doktoraty%2B%25E2%2580%2593%2BKompleksowa%2Bocena%2Belektrokardiograficznych%2Bparametr%25C3%25B3w%2Bokresu%2Brepolaryzacji%2Boraz%2Bdotycz%25C4%2585cyh%2Bza%25C5%2582amka%2BP%2Bu%2Bdoros%25C5%2582ych%2Bz%2Bnadwag%25C4%2585%2Bi%2Boty%25C5%2582o%25C5%259Bci%25C4%2585%2Bi%2Bich%2Bpowi%25C4%2585zania%2Bz%2Bwyst%25C4%2599powaniem%2Bzaburze%25C5%2584%2Brytmu%2Bw%2Br%25C3%25B3%25C5%25BCnych%2Bgrupach%2Bwiekowych%2B%25E2%2580%2593%2BPolska%2BPlatforma%2BMedyczna&lang=pl,CC BY
19,Ocena zmian elektrofizjologicznych w mózgu w zaburzeniach odżywiania (Anorexia Nervosa),https://ppm.edu.pl/info/phd/UMWe6ffbc98558f45aea3e14f206ce71bd0?affil=&r=phd&ps=100&tab=&title=Doktoraty%2B%25E2%2580%2593%2BOcena%2Bzmian%2Belektrofizjologicznych%2Bw%2Bm%25C3%25B3zgu%2Bw%2Bzaburzeniach%2Bod%25C5%25BCywiania%2B%2528Anorexia%2BNervosa%2529%2B%25E2%2580%2593%2BPolska%2BPlatforma%2BMedyczna&lang=pl,CC BY
20,Czynniki wpływające na przeżycie pacjentów z nagłym zatrzymaniem krążenia,https://ppm.edu.pl/info/phd/UMW626767e24fe44f16b67bc89cd93041a0?affil=&r=phd&ps=100&tab=&title=Doktoraty%2B%25E2%2580%2593%2BCzynniki%2Bwp%25C5%2582ywaj%25C4%2585ce%2Bna%2Bprze%25C5%25BCycie%2Bpacjent%25C3%25B3w%2Bz%2Bnag%25C5%2582ym%2Bzatrzymaniem%2Bkr%25C4%2585%25C5%25BCenia%2B%25E2%2580%2593%2BPolska%2BPlatforma%2BMedyczna&lang=pl,CC BY
22,Polimorfizm genu IKZF oraz czynnik transkrypcyjny IKAROS a ryzyko wystąpienia zaburzeń metabolicznych u chorych na ostrą białaczkę limfoblastyczną,https://ppm.edu.pl/info/phd/UMWa84154ce142a40dda16f4dc5485454cd?affil=&r=phd&ps=100&tab=&title=Doktoraty%2B%25E2%2580%2593%2BPolimorfizm%2Bgenu%2BIKZF%2Boraz%2Bczynnik%2Btranskrypcyjny%2BIKAROS%2Ba%2Bryzyko%2Bwyst%25C4%2585pienia%2Bzaburze%25C5%2584%2Bmetabolicznych%2Bu%2Bchorych%2Bna%2Bostr%25C4%2585%2Bbia%25C5%2582aczk%25C4%2599%2Blimfoblastyczn%25C4%2585%2B%25E2%2580%2593%2BPolska%2BPlatforma%2BMedyczna&lang=pl,CC BY-NC-SA
23,Ocena stężenia transferyny i jej izoform oraz białek ostrej fazy u chorych na COVID-19,https://ppm.edu.pl/info/phd/UMB9d58ce75b029448e82e86ca26ba7e56b?affil=&r=phd&ps=100&tab=&title=Doktoraty%2B%25E2%2580%2593%2BOcena%2Bst%25C4%2599%25C5%25BCenia%2Btransferyny%2Bi%2Bjej%2Bizoform%2Boraz%2Bbia%25C5%2582ek%2Bostrej%2Bfazy%2Bu%2Bchorych%2Bna%2BCOVID-19%2B%25E2%2580%2593%2BPolska%2BPlatforma%2BMedyczna&lang=pl,CC BY-NC
24,Porównanie skuteczności i bezpieczeństwa kanaloplastyki ab externo i wszczepienia mikroimplantu iStent pierwszej generacji podczas operacji fakoemulsyfikacji zaćmy w leczeniu jaskry pierwotnej otwartego kąta przesączania,https://ppm.edu.pl/info/phd/UMBc585e37797254d0ab9b6076199e43ad7?affil=&r=phd&ps=100&tab=&title=Doktoraty%2B%25E2%2580%2593%2BPor%25C3%25B3wnanie%2Bskuteczno%25C5%259Bci%2Bi%2Bbezpiecze%25C5%2584stwa%2Bkanaloplastyki%2Bab%2Bexterno%2Bi%2Bwszczepienia%2Bmikroimplantu%2BiStent%2Bpierwszej%2Bgeneracji%2Bpodczas%2Boperacji%2Bfakoemulsyfikacji%2Bza%25C4%2587my%2Bw%2Bleczeniu%2Bjaskry%2Bpierwotnej%2Botwartego%2Bk%25C4%2585ta%2Bprzes%25C4%2585czania%2B%25E2%2580%2593%2BPolska%2BPlatforma%2BMedyczna&lang=pl,CC BY
25,Ocena możliwości poprawy dostępności i koordynacji świadczeń dla pacjentów ze schorzeniami narządu wzroku na podstawie analizy danych i badań jakościowych wśród pacjentów województwa pomorskiego,https://ppm.edu.pl/info/phd/GUM7713b7f022544a90b80d1ba21cad3284?affil=&r=phd&ps=100&tab=&title=Doktoraty%2B%25E2%2580%2593%2BOcena%2Bmo%25C5%25BCliwo%25C5%259Bci%2Bpoprawy%2Bdost%25C4%2599pno%25C5%259Bci%2Bi%2Bkoordynacji%2B%25C5%259Bwiadcze%25C5%2584%2Bdla%2Bpacjent%25C3%25B3w%2Bze%2Bschorzeniami%2Bnarz%25C4%2585du%2Bwzroku%2Bna%2Bpodstawie%2Banalizy%2Bdanych%2Bi%2Bbada%25C5%2584%2Bjako%25C5%259Bciowych%2Bw%25C5%259Br%25C3%25B3d%2Bpacjent%25C3%25B3w%2Bwojew%25C3%25B3dztwa%2B%2Bpomorskiego%2B%25E2%2580%2593%2BPolska%2BPlatforma%2BMedyczna&lang=pl,CC BY-NC-SA
26,Rola białka RBMS 3 w raku gruczołu piersiowego,https://ppm.edu.pl/info/phd/UMW8dfaa6f0e3ea4256be738e6087dbf601?affil=&r=phd&ps=100&tab=&title=Doktoraty%2B%25E2%2580%2593%2BRola%2Bbia%25C5%2582ka%2BRBMS%2B3%2Bw%2Braku%2Bgruczo%25C5%2582u%2Bpiersiowego%2B%25E2%2580%2593%2BPolska%2BPlatforma%2BMedyczna&lang=pl,CC BY
28,"Możliwości terapeutyczne uszkodzeń chrząstki stawowej stawów kolanowych. Przegląd technik operacyjnych, ze szczególną oceną rekonstrukcji z wykorzystaniem membrany hiaulronowej. Wpływ czynników zewnętrznych na uzyskany efekt terapeutyczny",https://ppm.edu.pl/info/phd/UMW97bef0e9fedd4ca08f15966a049993d7?affil=&r=phd&ps=100&tab=&title=Doktoraty%2B%25E2%2580%2593%2BMo%25C5%25BCliwo%25C5%259Bci%2Bterapeutyczne%2Buszkodze%25C5%2584%2Bchrz%25C4%2585stki%2Bstawowej%2Bstaw%25C3%25B3w%2Bkolanowych.%2BPrzegl%25C4%2585d%2Btechnik%2Boperacyjnych%252C%2Bze%2Bszczeg%25C3%25B3ln%25C4%2585%2Bocen%25C4%2585%2Brekonstrukcji%2Bz%2Bwykorzystaniem%2Bmembrany%2Bhiaulronowej.%2BWp%25C5%2582yw%2Bczynnik%25C3%25B3w%2Bzewn%25C4%2599trznych%2Bna%2Buzyskany%2Befekt%2Bterapeutyczny%2B%25E2%2580%2593%2BPolska%2BPlatforma%2BMedyczna&lang=pl,CC BY
29,Sztywność i elastyczność aorty oceniane metodą wielorzędowej tomografii komputerowej jako potencjalne markery zdrowia i ryzyka sercowo-naczyniowego,https://ppm.edu.pl/info/phd/UMW182a04504a0b4be481fe2afa11ecd920?affil=&r=phd&ps=100&tab=&title=Doktoraty%2B%25E2%2580%2593%2BSztywno%25C5%259B%25C4%2587%2Bi%2Belastyczno%25C5%259B%25C4%2587%2Baorty%2Boceniane%2Bmetod%25C4%2585%2Bwielorz%25C4%2599dowej%2Btomografii%2Bkomputerowej%2Bjako%2Bpotencjalne%2Bmarkery%2Bzdrowia%2Bi%2Bryzyka%2Bsercowo-naczyniowego%2B%25E2%2580%2593%2BPolska%2BPlatforma%2BMedyczna&lang=pl,CC BY-SA
30,Wpływ płytek krwi i mikrocząsteczek pochodzenia płytkowego na uszkodzenie kardiomiocytów w warunkach chemicznego niedokrwienia i reperfuzji,https://ppm.edu.pl/info/phd/UMW99a1f46716be4d0388224414f2a87521?affil=&r=phd&ps=100&tab=&title=Doktoraty%2B%25E2%2580%2593%2BWp%25C5%2582yw%2Bp%25C5%2582ytek%2Bkrwi%2Bi%2Bmikrocz%25C4%2585steczek%2Bpochodzenia%2Bp%25C5%2582ytkowego%2Bna%2Buszkodzenie%2Bkardiomiocyt%25C3%25B3w%2Bw%2Bwarunkach%2Bchemicznego%2Bniedokrwienia%2Bi%2Breperfuzji%2B%25E2%2580%2593%2BPolska%2BPlatforma%2BMedyczna&lang=pl,CC BY
31,Ocena efektywności nowej metody rekonstrukcji kości żuchwy z wykorzystaniem indywidualizowanego 3D allogennego bloku kostnego w odcinkach uzębionych,https://ppm.edu.pl/info/phd/UMW3211444b64564887a08254b4ee9de5db?affil=&r=phd&ps=100&tab=&title=Doktoraty%2B%25E2%2580%2593%2BOcena%2Befektywno%25C5%259Bci%2Bnowej%2Bmetody%2Brekonstrukcji%2Bko%25C5%259Bci%2B%25C5%25BCuchwy%2Bz%2Bwykorzystaniem%2Bindywidualizowanego%2B3D%2Ballogennego%2Bbloku%2Bkostnego%2Bw%2Bodcinkach%2Buz%25C4%2599bionych%2B%25E2%2580%2593%2BPolska%2BPlatforma%2BMedyczna&lang=pl,CC BY-SA
32,Ocena częstości występowania czynników ryzyka w kontekście uszkodzenia słuchu u dzieci w praktyce ośrodka o II stopniu referencyjności w latach 2019-2021,https://ppm.edu.pl/info/phd/UMW04086dff3c6b44b7821d3a00e33748e0?affil=&r=phd&ps=100&tab=&title=Doktoraty%2B%25E2%2580%2593%2BOcena%2Bcz%25C4%2599sto%25C5%259Bci%2Bwyst%25C4%2599powania%2Bczynnik%25C3%25B3w%2Bryzyka%2Bw%2Bkontek%25C5%259Bcie%2Buszkodzenia%2Bs%25C5%2582uchu%2Bu%2Bdzieci%2Bw%2Bpraktyce%2Bo%25C5%259Brodka%2Bo%2BII%2Bstopniu%2Breferencyjno%25C5%259Bci%2Bw%2Blatach%2B2019-2021%2B%25E2%2580%2593%2BPolska%2BPlatforma%2BMedyczna&lang=pl,CC BY-NC-SA
33,Analiza ekspresji receptora PAR-1 w płytkach krwi oraz wybranych polimorfizmów genu PAR-1 u pacjentów z miażdżycą zarostową,https://ppm.edu.pl/info/phd/UMWa6a681382cef49cdaaec8cb6687d05d4?affil=&r=phd&ps=100&tab=&title=Doktoraty%2B%25E2%2580%2593%2BAnaliza%2Bekspresji%2Breceptora%2BPAR-1%2Bw%2Bp%25C5%2582ytkach%2Bkrwi%2Boraz%2Bwybranych%2Bpolimorfizm%25C3%25B3w%2Bgenu%2BPAR-1%2Bu%2Bpacjent%25C3%25B3w%2Bz%2Bmia%25C5%25BCd%25C5%25BCyc%25C4%2585%2Bzarostow%25C4%2585%2B%25E2%2580%2593%2BPolska%2BPlatforma%2BMedyczna&lang=pl,CC BY-NC-SA
34,Analiza czynników resekcyjności raka pola trzustkowo-dwunastniczego w materiale własnym,https://ppm.edu.pl/info/phd/UMWaa49100222f147308cf209aadebb3bab?affil=&r=phd&ps=100&tab=&title=Doktoraty%2B%25E2%2580%2593%2BAnaliza%2Bczynnik%25C3%25B3w%2Bresekcyjno%25C5%259Bci%2Braka%2Bpola%2Btrzustkowo-dwunastniczego%2Bw%2Bmateriale%2Bw%25C5%2582asnym%2B%25E2%2580%2593%2BPolska%2BPlatforma%2BMedyczna&lang=pl,CC BY
36,Aspekty kliniczne i immunologiczne chorych z hidradenitis suppurativa,https://ppm.edu.pl/info/phd/UMWbab5858906794334a86fd4c954c527a9?affil=&r=phd&ps=100&tab=&title=Doktoraty%2B%25E2%2580%2593%2BAspekty%2Bkliniczne%2Bi%2Bimmunologiczne%2Bchorych%2Bz%2Bhidradenitis%2Bsuppurativa%2B%25E2%2580%2593%2BPolska%2BPlatforma%2BMedyczna&lang=pl,CC BY
38,Ocena wartości klinicznej limfoangioinwazji w raku gruczołu krokowego u chorych poddanych radykalnej prostatektomii,https://ppm.edu.pl/info/phd/UMWd8c25aa5b5844891abee5b50f407598e?affil=&r=phd&ps=100&tab=&title=Doktoraty%2B%25E2%2580%2593%2BOcena%2Bwarto%25C5%259Bci%2Bklinicznej%2Blimfoangioinwazji%2Bw%2Braku%2Bgruczo%25C5%2582u%2Bkrokowego%2Bu%2Bchorych%2Bpoddanych%2Bradykalnej%2Bprostatektomii%2B%25E2%2580%2593%2BPolska%2BPlatforma%2BMedyczna&lang=pl,CC BY
39,Ocena stężenia kwasu hialuronowego w surowicy chorych z COVID-19,https://ppm.edu.pl/info/phd/UMB2e96d8d31d374580992abf54a4f9d4c2?affil=&r=phd&ps=100&tab=&title=Doktoraty%2B%25E2%2580%2593%2BOcena%2Bst%25C4%2599%25C5%25BCenia%2Bkwasu%2Bhialuronowego%2Bw%2Bsurowicy%2Bchorych%2Bz%2BCOVID-19%2B%25E2%2580%2593%2BPolska%2BPlatforma%2BMedyczna&lang=pl,CC BY-NC
41,"Ocena wpływu zmian systemowych na diagnostykę i leczenie pacjentów onkologicznych w Polsce. na przykładzie Uniwersyteckiego Szpitala Klinicznego im. Mikulicza Radeckiego we Wrocławiu, w latach 2010-2021",https://ppm.edu.pl/info/phd/UMWb99db56d323e4d32a4938445e531931f?affil=&r=phd&ps=100&tab=&title=Doktoraty%2B%25E2%2580%2593%2BOcena%2Bwp%25C5%2582ywu%2Bzmian%2Bsystemowych%2Bna%2Bdiagnostyk%25C4%2599%2Bi%2Bleczenie%2Bpacjent%25C3%25B3w%2Bonkologicznych%2Bw%2BPolsce.%2Bna%2Bprzyk%25C5%2582adzie%2BUniwersyteckiego%2BSzpitala%2BKlinicznego%2Bim.%2BMikulicza%2BRadeckiego%2Bwe%2BWroc%25C5%2582awiu%252C%2Bw%2Blatach%2B2010-2021%2B%25E2%2580%2593%2BPolska%2BPlatforma%2BMedyczna&lang=pl,CC BY-SA
42,Humoralne mechanizmy w doświadczalnym modelu tachyarytmicznego wstrząsu kardiogennego,https://ppm.edu.pl/info/phd/UMW900344de6b28457baf6ddb52f052428a?affil=&r=phd&ps=100&tab=&title=Doktoraty%2B%25E2%2580%2593%2BHumoralne%2Bmechanizmy%2Bw%2Bdo%25C5%259Bwiadczalnym%2Bmodelu%2Btachyarytmicznego%2Bwstrz%25C4%2585su%2Bkardiogennego%2B%25E2%2580%2593%2BPolska%2BPlatforma%2BMedyczna&lang=pl,CC BY
43,Analiza kliniczna i genotypowa dzieci z wrodzonym zarośnięciem przelyku urodzonych w latach 2000-2020,https://ppm.edu.pl/info/phd/UMWcc5757730b024fc59ecb4ced6d207e8d?affil=&r=phd&ps=100&tab=&title=Doktoraty%2B%25E2%2580%2593%2BAnaliza%2Bkliniczna%2Bi%2Bgenotypowa%2Bdzieci%2Bz%2Bwrodzonym%2Bzaro%25C5%259Bni%25C4%2599ciem%2Bprzelyku%2Burodzonych%2Bw%2Blatach%2B2000-2020%2B%25E2%2580%2593%2BPolska%2BPlatforma%2BMedyczna&lang=pl,CC BY-NC-SA
44,Wpływ czasu rozpoczęcia leczenia na przebieg reinnerwacji u dzieci,https://ppm.edu.pl/info/phd/UMWaa0c491ebd764969a79a46495713a9ec?affil=&r=phd&ps=100&tab=&title=Doktoraty%2B%25E2%2580%2593%2BWp%25C5%2582yw%2Bczasu%2Brozpocz%25C4%2599cia%2Bleczenia%2Bna%2Bprzebieg%2Breinnerwacji%2Bu%2Bdzieci%2B%25E2%2580%2593%2BPolska%2BPlatforma%2BMedyczna&lang=pl,CC BY-NC
45,Wpływ leczenia autologicznymi komórkami macierzystymi na wybrane aspekty kliniczne i psychospołeczne u pacjentek z łysieniem androgenowym,https://ppm.edu.pl/info/phd/UMW5744cb55f6b4460e9f8c43aad0c0dc47?affil=&r=phd&ps=100&tab=&title=Doktoraty%2B%25E2%2580%2593%2BWp%25C5%2582yw%2Bleczenia%2Bautologicznymi%2Bkom%25C3%25B3rkami%2Bmacierzystymi%2Bna%2Bwybrane%2Baspekty%2Bkliniczne%2Bi%2Bpsychospo%25C5%2582eczne%2Bu%2Bpacjentek%2Bz%2B%25C5%2582ysieniem%2Bandrogenowym%2B%25E2%2580%2593%2BPolska%2BPlatforma%2BMedyczna&lang=pl,CC BY-NC
46,Ocena częstości występowania depresji oraz skuteczności i bezpieczeństwa leczenia przeciwdepresyjnego u chorych leczonych nerkozastępczo z powodu przewlekłej choroby nerek w stadium niewydolności,https://ppm.edu.pl/info/phd/GUM01803e0fb23540ad9dd4de75eaa491cd?affil=&r=phd&ps=100&tab=&title=Doktoraty%2B%25E2%2580%2593%2BOcena%2Bcz%25C4%2599sto%25C5%259Bci%2Bwyst%25C4%2599powania%2Bdepresji%2Boraz%2Bskuteczno%25C5%259Bci%2Bi%2Bbezpiecze%25C5%2584stwa%2B%2Bleczenia%2Bprzeciwdepresyjnego%2Bu%2Bchorych%2Bleczonych%2Bnerkozast%25C4%2599pczo%2Bz%2Bpowodu%2B%2Bprzewlek%25C5%2582ej%2Bchoroby%2Bnerek%2Bw%2Bstadium%2Bniewydolno%25C5%259Bci%2B%25E2%2580%2593%2BPolska%2BPlatforma%2BMedyczna&lang=pl,CC BY-NC-SA
47,Powikłania w leczeniu ortodontycznym wad w wymiarze strzałkowym,https://ppm.edu.pl/info/phd/UMW92e50784099e41f69b2ee1132e270889?affil=&r=phd&ps=100&tab=&title=Doktoraty%2B%25E2%2580%2593%2BPowik%25C5%2582ania%2Bw%2Bleczeniu%2Bortodontycznym%2Bwad%2Bw%2Bwymiarze%2Bstrza%25C5%2582kowym%2B%25E2%2580%2593%2BPolska%2BPlatforma%2BMedyczna&lang=pl,CC BY
48,Profil metabolomu pacjentów z nieswoistymi chorobami zapalnymi jelit i jego wpływ na aktywność i przebieg choroby,https://ppm.edu.pl/info/phd/UMB48baa3d963784fc784b4ce0874e3f053?affil=&r=phd&ps=100&tab=&title=Doktoraty%2B%25E2%2580%2593%2BProfil%2Bmetabolomu%2Bpacjent%25C3%25B3w%2Bz%2Bnieswoistymi%2Bchorobami%2Bzapalnymi%2Bjelit%2Bi%2Bjego%2Bwp%25C5%2582yw%2Bna%2Baktywno%25C5%259B%25C4%2587%2Bi%2Bprzebieg%2Bchoroby%2B%25E2%2580%2593%2BPolska%2BPlatforma%2BMedyczna&lang=pl,CC BY-NC
50,"Metody biochemiczne, histologiczne i obrazowanie radiologiczne w ocenie stanu zdrowia populacji historycznych Dolnego Śląska",https://ppm.edu.pl/info/phd/UMWf0ca486cdbb148609158971630b9ccde?affil=&r=phd&ps=100&tab=&title=Doktoraty%2B%25E2%2580%2593%2BMetody%2Bbiochemiczne%252C%2Bhistologiczne%2Bi%2Bobrazowanie%2Bradiologiczne%2Bw%2Bocenie%2Bstanu%2Bzdrowia%2Bpopulacji%2Bhistorycznych%2BDolnego%2B%25C5%259Al%25C4%2585ska%2B%25E2%2580%2593%2BPolska%2BPlatforma%2BMedyczna&lang=pl,CC BY
51,Identyfikacja celów molekularnych imperatoryny w centralnym układzie nerwowym,https://ppm.edu.pl/info/phd/UMLe8d48642cc7947769fcb5c7bdb8d6e1b?affil=&r=phd&ps=100&tab=&title=Doktoraty%2B%25E2%2580%2593%2BIdentyfikacja%2Bcel%25C3%25B3w%2Bmolekularnych%2Bimperatoryny%2Bw%2Bcentralnym%2Buk%25C5%2582adzie%2Bnerwowym%2B%25E2%2580%2593%2BPolska%2BPlatforma%2BMedyczna&lang=pl,CC BY
53,Czynniki rokownicze u pacjentów z niedokrwiennym zespołem stopy cukrzycowej poddanych zabiegowi angioplastyki tętnic kończyn dolnych,https://ppm.edu.pl/info/phd/UMWb5d3d5d162c3499ab5f522795a295978?affil=&r=phd&ps=100&tab=&title=Doktoraty%2B%25E2%2580%2593%2BCzynniki%2Brokownicze%2Bu%2Bpacjent%25C3%25B3w%2Bz%2Bniedokrwiennym%2Bzespo%25C5%2582em%2Bstopy%2Bcukrzycowej%2Bpoddanych%2Bzabiegowi%2Bangioplastyki%2Bt%25C4%2599tnic%2Bko%25C5%2584czyn%2Bdolnych%2B%25E2%2580%2593%2BPolska%2BPlatforma%2BMedyczna&lang=pl,CC BY-NC
54,Wpływ stanu odżywienia na rokowania pacjentów z chorobami układu sercowo-naczyniowego - różnice płci,https://ppm.edu.pl/info/phd/UMW562a5866990b46b4a1d96944facc6ea8?affil=&r=phd&ps=100&tab=&title=Doktoraty%2B%25E2%2580%2593%2BWp%25C5%2582yw%2Bstanu%2Bod%25C5%25BCywienia%2Bna%2Brokowania%2Bpacjent%25C3%25B3w%2Bz%2Bchorobami%2Buk%25C5%2582adu%2Bsercowo-naczyniowego%2B-%2Br%25C3%25B3%25C5%25BCnice%2Bp%25C5%2582ci%2B%25E2%2580%2593%2BPolska%2BPlatforma%2BMedyczna&lang=pl,CC BY-NC-SA
56,Badanie mechanicznych właściwości kości oczodołu i ich korelacja ze złamaniami typu blow-out z uwzględnieniem wartości modułu Younga,https://ppm.edu.pl/info/phd/GUMd080ba0fcc4a46b88c08a3f5fc4e6677?affil=&r=phd&ps=100&tab=&title=Doktoraty%2B%25E2%2580%2593%2BBadanie%2Bmechanicznych%2Bw%25C5%2582a%25C5%259Bciwo%25C5%259Bci%2Bko%25C5%259Bci%2Boczodo%25C5%2582u%2Bi%2Bich%2Bkorelacja%2Bze%2Bz%25C5%2582amaniami%2Btypu%2Bblow-out%2Bz%2Buwzgl%25C4%2599dnieniem%2Bwarto%25C5%259Bci%2Bmodu%25C5%2582u%2BYounga%2B%25E2%2580%2593%2BPolska%2BPlatforma%2BMedyczna&lang=pl,CC BY-NC-SA
57,Ocena bezpieczeństwa i skuteczności profilaktyki przeciwgrzybiczej pozakonazolem w oparciu o badania farmakokinetyki leku u dzieci poddanych intensywnej chemioterapii i/lub przeszczepieniu komórek hematopoetycznych,https://ppm.edu.pl/info/phd/UMW403d449a6fb64e0693bb2b038b35b803?affil=&r=phd&ps=100&tab=&title=Doktoraty%2B%25E2%2580%2593%2BOcena%2Bbezpiecze%25C5%2584stwa%2Bi%2Bskuteczno%25C5%259Bci%2Bprofilaktyki%2Bprzeciwgrzybiczej%2Bpozakonazolem%2Bw%2Boparciu%2Bo%2Bbadania%2Bfarmakokinetyki%2Bleku%2Bu%2Bdzieci%2Bpoddanych%2Bintensywnej%2Bchemioterapii%2Bi%2Blub%2Bprzeszczepieniu%2Bkom%25C3%25B3rek%2Bhematopoetycznych%2B%25E2%2580%2593%2BPolska%2BPlatforma%2BMedyczna&lang=pl,CC BY-SA
58,Wpływ enoksaparyny na uwalnianie sklerostyny podczas hemodializy,https://ppm.edu.pl/info/phd/UMBa7809e79e81b4b0fa7fc7cfb112ff204?affil=&r=phd&ps=100&tab=&title=Doktoraty%2B%25E2%2580%2593%2BWp%25C5%2582yw%2Benoksaparyny%2Bna%2Buwalnianie%2Bsklerostyny%2Bpodczas%2Bhemodializy%2B%25E2%2580%2593%2BPolska%2BPlatforma%2BMedyczna&lang=pl,CC BY
59,Ocena zaburzeń metabolicznych u kobiet z objawami depresji,https://ppm.edu.pl/info/phd/UMB2f062b8457af438dacc993a53547a2f7?affil=&r=phd&ps=100&tab=&title=Doktoraty%2B%25E2%2580%2593%2BOcena%2Bzaburze%25C5%2584%2Bmetabolicznych%2Bu%2Bkobiet%2Bz%2Bobjawami%2Bdepresji%2B%25E2%2580%2593%2BPolska%2BPlatforma%2BMedyczna&lang=pl,CC BY-NC-SA
61,Ocena potencjalnego wpływu związków endokrynnie czynnych na rozwój zespołu metabolicznego wśród kobiet z zespołem wielotorbielowatych jajników,https://ppm.edu.pl/info/phd/GUMc7f0966a42494e878bc2a44a0e444e76?affil=&r=phd&ps=100&tab=&title=Doktoraty%2B%25E2%2580%2593%2BOcena%2Bpotencjalnego%2Bwp%25C5%2582ywu%2Bzwi%25C4%2585zk%25C3%25B3w%2Bendokrynnie%2Bczynnych%2Bna%2Brozw%25C3%25B3j%2Bzespo%25C5%2582u%2Bmetabolicznego%2Bw%25C5%259Br%25C3%25B3d%2Bkobiet%2Bz%2Bzespo%25C5%2582em%2Bwielotorbielowatych%2Bjajnik%25C3%25B3w%2B%25E2%2580%2593%2BPolska%2BPlatforma%2BMedyczna&lang=pl,CC BY-NC-SA
62,Cukrowa pochodna cynkowej ftalocyjaniny jako innowacyjne narzędzie terapii fotodynamicznej w leczeniu łuszczycy,https://ppm.edu.pl/info/phd/UMW8446d561008447c8ae9d8eef6aea8fb2?affil=&r=phd&ps=100&tab=&title=Doktoraty%2B%25E2%2580%2593%2BCukrowa%2Bpochodna%2Bcynkowej%2Bftalocyjaniny%2Bjako%2Binnowacyjne%2Bnarz%25C4%2599dzie%2Bterapii%2Bfotodynamicznej%2Bw%2Bleczeniu%2B%25C5%2582uszczycy%2B%25E2%2580%2593%2BPolska%2BPlatforma%2BMedyczna&lang=pl,CC BY
64,Ocena satysfakcji z opieki okołoporodowej wśród kobiet po porodzie fizjologicznym z wykorzystaniem polskiej wersji kwestionariusza NEMOQC,https://ppm.edu.pl/info/phd/UMW66294072262340509377e7b8591fda35?affil=&r=phd&ps=100&tab=&title=Doktoraty%2B%25E2%2580%2593%2BOcena%2Bsatysfakcji%2Bz%2Bopieki%2Boko%25C5%2582oporodowej%2Bw%25C5%259Br%25C3%25B3d%2Bkobiet%2Bpo%2Bporodzie%2Bfizjologicznym%2Bz%2Bwykorzystaniem%2Bpolskiej%2Bwersji%2Bkwestionariusza%2BNEMOQC%2B%25E2%2580%2593%2BPolska%2BPlatforma%2BMedyczna&lang=pl,CC BY
65,Ocena wpływu regularnej terapii aferezą lipoprotein na parametry lipidowe i nielipidowe u pacjentów z hiperlipoproteinemią (a) oraz chorobą układu sercowo-naczyniowego na podłożu miażdżycy,https://ppm.edu.pl/info/phd/GUM4bdde679f9484b5297e53739b129deb8?affil=&r=phd&ps=100&tab=&title=Doktoraty%2B%25E2%2580%2593%2BOcena%2Bwp%25C5%2582ywu%2Bregularnej%2Bterapii%2Baferez%25C4%2585%2Blipoprotein%2Bna%2Bparametry%2Blipidowe%2Bi%2B%2Bnielipidowe%2Bu%2Bpacjent%25C3%25B3w%2Bz%2Bhiperlipoproteinemi%25C4%2585%2B%2528a%2529%2Boraz%2Bchorob%25C4%2585%2Buk%25C5%2582adu%2B%2Bsercowo-naczyniowego%2Bna%2Bpod%25C5%2582o%25C5%25BCu%2Bmia%25C5%25BCd%25C5%25BCycy%2B%25E2%2580%2593%2BPolska%2BPlatforma%2BMedyczna&lang=pl,CC BY-NC-SA
66,Kompleksowość kliniczna pacjentów z wybranymi przewlekłymi chorobami wielonarządowymi,https://ppm.edu.pl/info/phd/UMW00f08d68581c4f129101ae45fefbd46b?affil=&r=phd&ps=100&tab=&title=Doktoraty%2B%25E2%2580%2593%2BKompleksowo%25C5%259B%25C4%2587%2Bkliniczna%2Bpacjent%25C3%25B3w%2Bz%2Bwybranymi%2Bprzewlek%25C5%2582ymi%2Bchorobami%2Bwielonarz%25C4%2585dowymi%2B%25E2%2580%2593%2BPolska%2BPlatforma%2BMedyczna&lang=pl,CC BY-NC
68,Wpływ żywienia dojelitowego na nasilenie stanu zapalnego i przepuszczalność jelit oraz mikrobiom u dzieci z mózgowym porażeniem dziecięcym,https://ppm.edu.pl/info/phd/GUM3a01c676f52e440d8c1b94fe7e5c2a9e?affil=&r=phd&ps=100&tab=&title=Doktoraty%2B%25E2%2580%2593%2BWp%25C5%2582yw%2B%25C5%25BCywienia%2Bdojelitowego%2Bna%2Bnasilenie%2Bstanu%2Bzapalnego%2Bi%2Bprzepuszczalno%25C5%259B%25C4%2587%2Bjelit%2Boraz%2Bmikrobiom%2Bu%2Bdzieci%2Bz%2Bm%25C3%25B3zgowym%2Bpora%25C5%25BCeniem%2Bdzieci%25C4%2599cym%2B%25E2%2580%2593%2BPolska%2BPlatforma%2BMedyczna&lang=pl,CC BY-NC-SA
69,Ocena i porównanie przebiegu ciąży oraz porodu u kobiet po zapłodnieniu pozaustrojowym i naturalnym,https://ppm.edu.pl/info/phd/UMW177772f2e3de4f82ad4e57c0f6fe6f7c?affil=&r=phd&ps=100&tab=&title=Doktoraty%2B%25E2%2580%2593%2BOcena%2Bi%2Bpor%25C3%25B3wnanie%2Bprzebiegu%2Bci%25C4%2585%25C5%25BCy%2Boraz%2Bporodu%2Bu%2Bkobiet%2Bpo%2Bzap%25C5%2582odnieniu%2Bpozaustrojowym%2Bi%2Bnaturalnym%2B%25E2%2580%2593%2BPolska%2BPlatforma%2BMedyczna&lang=pl,CC BY-NC
70,Izolacja alkaloidów izochinolinowych z wykorzystaniem chromatografi przeciwprądowej (CPC) oraz ocena ich aktywności przeciwnowotworowej względem linii raka żołądka,https://ppm.edu.pl/info/phd/UML890759a8334c4b5c8d4f20d428b82b80?affil=&r=phd&ps=100&tab=&title=Doktoraty%2B%25E2%2580%2593%2BIzolacja%2Balkaloid%25C3%25B3w%2Bizochinolinowych%2Bz%2Bwykorzystaniem%2Bchromatografi%2Bprzeciwpr%25C4%2585dowej%2B%2528CPC%2529%2Boraz%2Bocena%2Bich%2Baktywno%25C5%259Bci%2Bprzeciwnowotworowej%2Bwzgl%25C4%2599dem%2Blinii%2Braka%2B%25C5%25BCo%25C5%2582%25C4%2585dka%2B%25E2%2580%2593%2BPolska%2BPlatforma%2BMedyczna&lang=pl,CC BY
72,Analiza powiązań błędów logicznych z rozprzestrzenianiem się treści pseudonaukowych i dezinformacji w czasie pandemii COVID-19 w oparciu o treści artykułów publikowanych na ogólnodostępnych polsko- i anglojęzycznych portalach internetowych,https://ppm.edu.pl/info/phd/UMB9633975d43424ebca29186c715d2c7d5?affil=&r=phd&ps=100&tab=&title=Doktoraty%2B%25E2%2580%2593%2BAnaliza%2Bpowi%25C4%2585za%25C5%2584%2Bb%25C5%2582%25C4%2599d%25C3%25B3w%2Blogicznych%2Bz%2Brozprzestrzenianiem%2Bsi%25C4%2599%2Btre%25C5%259Bci%2Bpseudonaukowych%2Bi%2Bdezinformacji%2Bw%2Bczasie%2Bpandemii%2BCOVID-19%2Bw%2Boparciu%2Bo%2Btre%25C5%259Bci%2Bartyku%25C5%2582%25C3%25B3w%2Bpublikowanych%2Bna%2Bog%25C3%25B3lnodost%25C4%2599pnych%2Bpolsko-%2Bi%2Bangloj%25C4%2599zycznych%2Bportalach%2Binternetowych%2B%25E2%2580%2593%2BPolska%2BPlatforma%2BMedyczna&lang=pl,CC BY-NC
74,Ocena parametrów naczyniówki z uwględnieniem wskaźnika naczyniowego u pacjentów z twardziną układową,https://ppm.edu.pl/info/phd/UMBb6a1750eeb2645aa8b301e537c76584f?affil=&r=phd&ps=100&tab=&title=Doktoraty%2B%25E2%2580%2593%2BOcena%2Bparametr%25C3%25B3w%2Bnaczyni%25C3%25B3wki%2Bz%2Buwgl%25C4%2599dnieniem%2Bwska%25C5%25BAnika%2Bnaczyniowego%2Bu%2Bpacjent%25C3%25B3w%2Bz%2Btwardzin%25C4%2585%2Buk%25C5%2582adow%25C4%2585%2B%25E2%2580%2593%2BPolska%2BPlatforma%2BMedyczna&lang=pl,CC BY
75,Rola zmian epigenetycznych w regulacji komórek układu odpornościowego – implikacje w terapii cukrzycy typu 1,https://ppm.edu.pl/info/phd/GUM958b0e09851d44b38036bc542ebe6226?affil=&r=phd&ps=100&tab=&title=Doktoraty%2B%25E2%2580%2593%2BRola%2Bzmian%2Bepigenetycznych%2Bw%2Bregulacji%2Bkom%25C3%25B3rek%2Buk%25C5%2582adu%2Bodporno%25C5%259Bciowego%2B%2B%25E2%2580%2593%2Bimplikacje%2Bw%2Bterapii%2Bcukrzycy%2Btypu%2B1%2B%25E2%2580%2593%2BPolska%2BPlatforma%2BMedyczna&lang=pl,CC BY
76,Ekspresja podoplaniny w tkankach raka prostaty,https://ppm.edu.pl/info/phd/UMWeaa4e75883164e0b981a7e57032270a2?affil=&r=phd&ps=100&tab=&title=Doktoraty%2B%25E2%2580%2593%2BEkspresja%2Bpodoplaniny%2Bw%2Btkankach%2Braka%2Bprostaty%2B%25E2%2580%2593%2BPolska%2BPlatforma%2BMedyczna&lang=pl,CC BY
77,Ocena wybranych promotorów kamicy nerkowej u osób dorosłych w północno-wschodniej Polsce,https://ppm.edu.pl/info/phd/UMB23e949b99317468686ba897ce072c7bb?affil=&r=phd&ps=100&tab=&title=Doktoraty%2B%25E2%2580%2593%2BOcena%2Bwybranych%2Bpromotor%25C3%25B3w%2Bkamicy%2Bnerkowej%2Bu%2Bos%25C3%25B3b%2Bdoros%25C5%2582ych%2Bw%2Bp%25C3%25B3%25C5%2582nocno-wschodniej%2BPolsce%2B%25E2%2580%2593%2BPolska%2BPlatforma%2BMedyczna&lang=pl,CC BY-NC
78,"Skuteczność metody kinesiotapingu i terapii wibracyjnej w procesie leczenia dysfunkcji szyjnego odcinka kręgosłupa, wywołanego przez codzienne korzystanie ze smartfonu",https://ppm.edu.pl/info/phd/UMW3d123e7ffed1474f92a610e705edcd9d?affil=&r=phd&ps=100&tab=&title=Doktoraty%2B%25E2%2580%2593%2BSkuteczno%25C5%259B%25C4%2587%2Bmetody%2Bkinesiotapingu%2Bi%2Bterapii%2Bwibracyjnej%2Bw%2Bprocesie%2Bleczenia%2Bdysfunkcji%2Bszyjnego%2Bodcinka%2Bkr%25C4%2599gos%25C5%2582upa%252C%2Bwywo%25C5%2582anego%2Bprzez%2Bcodzienne%2Bkorzystanie%2Bze%2Bsmartfonu%2B%25E2%2580%2593%2BPolska%2BPlatforma%2BMedyczna&lang=pl,CC BY
79,Poszukiwanie nowych sposobów protekcji nerek w zespole metabolicznym i uszkodzeniu niedokrwienno-reperfuzyjnym. Pozytywny efekt działania antyoksydantów,https://ppm.edu.pl/info/phd/UMWd92840e87b684876b7e5ba9c66fc2663?affil=&r=phd&ps=100&tab=&title=Doktoraty%2B%25E2%2580%2593%2BPoszukiwanie%2Bnowych%2Bsposob%25C3%25B3w%2Bprotekcji%2Bnerek%2Bw%2Bzespole%2Bmetabolicznym%2Bi%2Buszkodzeniu%2Bniedokrwienno-reperfuzyjnym.%2BPozytywny%2Befekt%2Bdzia%25C5%2582ania%2Bantyoksydant%25C3%25B3w%2B%25E2%2580%2593%2BPolska%2BPlatforma%2BMedyczna&lang=pl,CC BY
80,Ocena poziomu ekspresji antygenu CD64 na granulocytach obojętnochłonnych w przebiegu infekcji u dzieci leczonych z powodu ostrej białaczki limfoblastycznej,https://ppm.edu.pl/info/phd/GUM69a315f28fbf487fa60026f138c2eab7?affil=&r=phd&ps=100&tab=&title=Doktoraty%2B%25E2%2580%2593%2BOcena%2B%2Bpoziomu%2Bekspresji%2Bantygenu%2BCD64%2Bna%2Bgranulocytach%2Boboj%25C4%2599tnoch%25C5%2582onnych%2Bw%2Bprzebiegu%2Binfekcji%2Bu%2Bdzieci%2Bleczonych%2Bz%2Bpowodu%2Bostrej%2Bbia%25C5%2582aczki%2Blimfoblastycznej%2B%25E2%2580%2593%2BPolska%2BPlatforma%2BMedyczna&lang=pl,CC BY-NC-SA
83,"Wpływ diety eliminującej gluten na jakość życia, pracę tarczycy i skład mikrobiomu jelitowego kobiet z autoimmunizacyjnym zapaleniem tarczycy",https://ppm.edu.pl/info/phd/GUM341cc34ca30647c8a1f8672526919652?affil=&r=phd&ps=100&tab=&title=Doktoraty%2B%25E2%2580%2593%2BWp%25C5%2582yw%2Bdiety%2Beliminuj%25C4%2585cej%2Bgluten%2Bna%2Bjako%25C5%259B%25C4%2587%2B%25C5%25BCycia%252C%2Bprac%25C4%2599%2Btarczycy%2Bi%2Bsk%25C5%2582ad%2B%2Bmikrobiomu%2Bjelitowego%2Bkobiet%2Bz%2Bautoimmunizacyjnym%2Bzapaleniem%2Btarczycy%2B%25E2%2580%2593%2BPolska%2BPlatforma%2BMedyczna&lang=pl,CC BY-NC-SA
84,"Ocena jakości życia, stylu radzenia ze stresem i umiejscowienia poczucia kontroli chorych leczonych chirurgicznie z powodu nowotworu jelita grubego i żołądka w aspekcie czynników psychologicznych",https://ppm.edu.pl/info/phd/UMB38e90a5559234b10b29af4386fb16bcc?affil=&r=phd&ps=100&tab=&title=Doktoraty%2B%25E2%2580%2593%2BOcena%2Bjako%25C5%259Bci%2B%25C5%25BCycia%252C%2Bstylu%2Bradzenia%2Bze%2Bstresem%2Bi%2Bumiejscowienia%2Bpoczucia%2Bkontroli%2Bchorych%2Bleczonych%2Bchirurgicznie%2Bz%2Bpowodu%2Bnowotworu%2Bjelita%2Bgrubego%2Bi%2B%25C5%25BCo%25C5%2582%25C4%2585dka%2Bw%2Baspekcie%2Bczynnik%25C3%25B3w%2Bpsychologicznych%2B%25E2%2580%2593%2BPolska%2BPlatforma%2BMedyczna&lang=pl,CC BY
86,Ocena zmian ogniskowych w wątrobie metodą rezonansu magnetycznego po podaniu środka kontrastującego hepatotropowego - kwasu gadoksetowego,https://ppm.edu.pl/info/phd/GUM0d2fb5a2ad564c96a4f025f7e4f1c7b5?affil=&r=phd&ps=100&tab=&title=Doktoraty%2B%25E2%2580%2593%2BOcena%2Bzmian%2Bogniskowych%2Bw%2Bw%25C4%2585trobie%2Bmetod%25C4%2585%2Brezonansu%2Bmagnetycznego%2Bpo%2Bpodaniu%2B%25C5%259Brodka%2Bkontrastuj%25C4%2585cego%2Bhepatotropowego%2B-%2Bkwasu%2Bgadoksetowego%2B%25E2%2580%2593%2BPolska%2BPlatforma%2BMedyczna&lang=pl,CC BY-NC-SA
87,Profil społeczno-demograficzny i psychologiczny chorych na cukrzycę typu 1 i typu 2 na przykładzie województwa podlaskiego,https://ppm.edu.pl/info/phd/UMBfcb3840d7b3c4661b1eeac85ef05d5be?affil=&r=phd&ps=100&tab=&title=Doktoraty%2B%25E2%2580%2593%2BProfil%2Bspo%25C5%2582eczno-demograficzny%2Bi%2Bpsychologiczny%2Bchorych%2Bna%2Bcukrzyc%25C4%2599%2Btypu%2B1%2Bi%2Btypu%2B2%2Bna%2Bprzyk%25C5%2582adzie%2Bwojew%25C3%25B3dztwa%2Bpodlaskiego%2B%25E2%2580%2593%2BPolska%2BPlatforma%2BMedyczna&lang=pl,CC BY-NC
88,Stabilność fenotypu limfocytów T regulatorowych w stanach auto- i aloimmunizacji,https://ppm.edu.pl/info/phd/GUM906f6d27cd394bdbbfe29b127e8fec67?affil=&r=phd&ps=100&tab=&title=Doktoraty%2B%25E2%2580%2593%2BStabilno%25C5%259B%25C4%2587%2Bfenotypu%2Blimfocyt%25C3%25B3w%2BT%2Bregulatorowych%2Bw%2B%2Bstanach%2Bauto-%2Bi%2Baloimmunizacji%2B%25E2%2580%2593%2BPolska%2BPlatforma%2BMedyczna&lang=pl,CC BY-NC-SA
89,Modyfikacja funkcji nerek przez suraminę w doświadczalnie wywołanej cukrzycy typu 1,https://ppm.edu.pl/info/phd/GUM059fd566c6454c0bb3b8282517d76d21?affil=&r=phd&ps=100&tab=&title=Doktoraty%2B%25E2%2580%2593%2BModyfikacja%2Bfunkcji%2Bnerek%2Bprzez%2Bsuramin%25C4%2599%2Bw%2Bdo%25C5%259Bwiadczalnie%2B%2Bwywo%25C5%2582anej%2Bcukrzycy%2Btypu%2B1%2B%25E2%2580%2593%2BPolska%2BPlatforma%2BMedyczna&lang=pl,CC BY-SA
90,Zastosowanie nowoczesnych metod efektywnego odwadniania u chorych z ostrą dekompensacją niewydolności serca,https://ppm.edu.pl/info/phd/UMW7d0740e27ccd4f628c6733ad39610292?affil=&r=phd&ps=100&tab=&title=Doktoraty%2B%25E2%2580%2593%2BZastosowanie%2Bnowoczesnych%2Bmetod%2Befektywnego%2Bodwadniania%2Bu%2Bchorych%2Bz%2Bostr%25C4%2585%2Bdekompensacj%25C4%2585%2Bniewydolno%25C5%259Bci%2Bserca%2B%25E2%2580%2593%2BPolska%2BPlatforma%2BMedyczna&lang=pl,CC BY
91,Wpływ kształtu i rozmiaru nanocząstek złota na efekt przeciwbakteryjny i przeciwgrzybiczy ceragenin związanych z ich powierzchnią - badania in vitro,https://ppm.edu.pl/info/phd/UMB120550e73567472dbef176cb575f7502?affil=&r=phd&ps=100&tab=&title=Doktoraty%2B%25E2%2580%2593%2BWp%25C5%2582yw%2Bkszta%25C5%2582tu%2Bi%2Brozmiaru%2Bnanocz%25C4%2585stek%2Bz%25C5%2582ota%2Bna%2Befekt%2Bprzeciwbakteryjny%2Bi%2Bprzeciwgrzybiczy%2Bceragenin%2Bzwi%25C4%2585zanych%2Bz%2Bich%2Bpowierzchni%25C4%2585%2B-%2Bbadania%2Bin%2Bvitro%2B%25E2%2580%2593%2BPolska%2BPlatforma%2BMedyczna&lang=pl,CC BY
92,Holistyczna analiza poziomu czytelności ogólnodostępnych artykułów on-line dotyczących wybranych schorzeń dermatologicznych,https://ppm.edu.pl/info/phd/UMWa0fa9e61023f41078791037fe268190e?affil=&r=phd&ps=100&tab=&title=Doktoraty%2B%25E2%2580%2593%2BHolistyczna%2Banaliza%2Bpoziomu%2Bczytelno%25C5%259Bci%2Bog%25C3%25B3lnodost%25C4%2599pnych%2Bartyku%25C5%2582%25C3%25B3w%2Bon-line%2Bdotycz%25C4%2585cych%2Bwybranych%2Bschorze%25C5%2584%2Bdermatologicznych%2B%25E2%2580%2593%2BPolska%2BPlatforma%2BMedyczna&lang=pl,CC BY-NC
93,"Epidemiologia i diagnostyka zakażeń krwi u pacjentów hospitalizowanych, wpływ nowoczesnych technik diagnostycznych na wykrycie czynnika etiologicznego i antybiotykoterapię – analiza jednoośrodkowa",https://ppm.edu.pl/info/phd/UMWc0acbcd1c8504ee0890f6276803d8be2?affil=&r=phd&ps=100&tab=&title=Doktoraty%2B%25E2%2580%2593%2BEpidemiologia%2Bi%2Bdiagnostyka%2Bzaka%25C5%25BCe%25C5%2584%2Bkrwi%2Bu%2Bpacjent%25C3%25B3w%2Bhospitalizowanych%252C%2Bwp%25C5%2582yw%2Bnowoczesnych%2Btechnik%2Bdiagnostycznych%2Bna%2Bwykrycie%2Bczynnika%2Betiologicznego%2Bi%2Bantybiotykoterapi%25C4%2599%2B%25E2%2580%2593%2Banaliza%2Bjednoo%25C5%259Brodkowa%2B%25E2%2580%2593%2BPolska%2BPlatforma%2BMedyczna&lang=pl,CC BY
94,"Kompleksowa charakterystyka, genomika porównawcza i profilowanie metaboliczne wybranych gatunków z rodzaju Pectobacterium pod kątem potencjalnych zastosowań biomedycznych",https://ppm.edu.pl/info/phd/GUM6fdd6bf475464ea3a5799351ce98588b?affil=&r=phd&ps=100&tab=&title=Doktoraty%2B%25E2%2580%2593%2BKompleksowa%2Bcharakterystyka%252C%2Bgenomika%2Bpor%25C3%25B3wnawcza%2Bi%2Bprofilowanie%2B%2Bmetaboliczne%2Bwybranych%2Bgatunk%25C3%25B3w%2Bz%2Brodzaju%2BPectobacterium%2Bpod%2B%2Bk%25C4%2585tem%2Bpotencjalnych%2Bzastosowa%25C5%2584%2Bbiomedycznych%2B%25E2%2580%2593%2BPolska%2BPlatforma%2BMedyczna&lang=pl,CC BY-NC-SA
96,Ocena efektywności narzędzi wczesnego wykrywania zaburzeń ze spektrum autyzmu wśród dzieci,https://ppm.edu.pl/info/phd/UMWad134aa86d7f4284bd2173128a3b949b?affil=&r=phd&ps=100&tab=&title=Doktoraty%2B%25E2%2580%2593%2BOcena%2Befektywno%25C5%259Bci%2Bnarz%25C4%2599dzi%2Bwczesnego%2Bwykrywania%2Bzaburze%25C5%2584%2Bze%2Bspektrum%2Bautyzmu%2Bw%25C5%259Br%25C3%25B3d%2Bdzieci%2B%25E2%2580%2593%2BPolska%2BPlatforma%2BMedyczna&lang=pl,CC BY-NC
97,"Charakterystyka elektrofizjologiczna częstoskurczu nawrotnego węzłowego a przebieg ablacji RF, jej bezpieczeństwo i odległe następstwa",https://ppm.edu.pl/info/phd/UMWbadae3773d2346378b961f2ec3377dab?affil=&r=phd&ps=100&tab=&title=Doktoraty%2B%25E2%2580%2593%2BCharakterystyka%2Belektrofizjologiczna%2Bcz%25C4%2599stoskurczu%2Bnawrotnego%2Bw%25C4%2599z%25C5%2582owego%2Ba%2Bprzebieg%2Bablacji%2BRF%252C%2Bjej%2Bbezpiecze%25C5%2584stwo%2Bi%2Bodleg%25C5%2582e%2Bnast%25C4%2599pstwa%2B%25E2%2580%2593%2BPolska%2BPlatforma%2BMedyczna&lang=pl,CC BY
98,Skuteczność i bezpieczeństwo antazoliny w przywracaniu rytmu zatokowego u pacjentów z migotaniem przedsionków w Szpitalnym Oddziale Ratunkowym,https://ppm.edu.pl/info/phd/GUM5e40ac7bc80243a6b68b0d826d950787?affil=&r=phd&ps=100&tab=&title=Doktoraty%2B%25E2%2580%2593%2BSkuteczno%25C5%259B%25C4%2587%2Bi%2Bbezpiecze%25C5%2584stwo%2Bantazoliny%2B%2Bw%2Bprzywracaniu%2Brytmu%2Bzatokowego%2B%2Bu%2Bpacjent%25C3%25B3w%2Bz%2Bmigotaniem%2Bprzedsionk%25C3%25B3w%2B%2Bw%2BSzpitalnym%2BOddziale%2BRatunkowym%2B%25E2%2580%2593%2BPolska%2BPlatforma%2BMedyczna&lang=pl,CC BY-NC-SA
99,Status witaminy D u dzieci z wybranymi chorobami reumatycznymi,https://ppm.edu.pl/info/phd/UMB9235dc6e13f34b7f9f072389956df30d?affil=&r=phd&ps=100&tab=&title=Doktoraty%2B%25E2%2580%2593%2BStatus%2Bwitaminy%2BD%2Bu%2Bdzieci%2Bz%2Bwybranymi%2Bchorobami%2Breumatycznymi%2B%25E2%2580%2593%2BPolska%2BPlatforma%2BMedyczna&lang=pl,CC BY
